Workbook
Name cfg_Site: 'Control Panel'!$C$7
Name cfg_AsOf: 'Control Panel'!$C$8
Name cfg_Low: 'Control Panel'!$C$11
Name cfg_Crit: 'Control Panel'!$C$12
Name cfg_Lead: 'Control Panel'!$C$13
Name cfg_ExpiryWarn: 'Control Panel'!$C$14
Name cfg_OrderMonth: 'Control Panel'!$C$15
Name cfg_ReorderOK: 'Control Panel'!$C$16
Name cfg_PilotStart: 'Control Panel'!$C$19
Name cfg_PilotDays: 'Control Panel'!$C$20
Name cfg_PilotEnd: 'Control Panel'!$C$21
Name cfg_PilotWeeks: 'Control Panel'!$C$22
Name cfg_MinFeedback: 'Control Panel'!$C$25
Name cfg_ExpandRating: 'Control Panel'!$C$26
Name cfg_ExpandPositive: 'Control Panel'!$C$27
Name cfg_ContinueRating: 'Control Panel'!$C$28
Name StaffList: OFFSET('Control Panel'!$F$9,0,0,MAX(1,COUNTA('Control Panel'!$F$9:$F$38)),1)
Name TeamList: OFFSET('Control Panel'!$G$9,0,0,MAX(1,COUNTA('Control Panel'!$G$9:$G$38)),1)
Name SnackCats: 'Control Panel'!$H$9:$H$38
Name BevCats: 'Control Panel'!$I$9:$I$38
Name SrcCount: COUNTA('Source Data'!$C$6:$C$305)
Name MS_Name: 'Inventory Master'!$C$6:$C$305
Name MS_Status: 'Inventory Master'!$J$6:$J$305
Name MS_Stock: 'Inventory Master'!$H$6:$H$305
Name MS_PAR: 'Inventory Master'!$E$6:$E$305
Name MS_Pct: 'Inventory Master'!$I$6:$I$305
Name MS_Sugg: 'Inventory Master'!$K$6:$K$305
Name MS_Cat: 'Inventory Master'!$B$6:$B$305
Name MS_Exp: 'Inventory Master'!$O$6:$O$305
Name MS_ExpDays: 'Inventory Master'!$P$6:$P$305
Name MS_ExpStatus: 'Inventory Master'!$Q$6:$Q$305
Name CL_Date: 'Weekly Count'!$B$6:$B$3005
Name CL_Prod: 'Weekly Count'!$D$6:$D$3005
Name CL_Count: 'Weekly Count'!$F$6:$F$3005
Name CL_Key: 'Weekly Count'!$O$6:$O$3005
Name OL_Cat: 'Order List'!$B$6:$B$305
Name OL_Qty: 'Order List'!$G$6:$G$305
Name OL_Flag: 'Order List'!$L$6:$L$305
Name OL_Priority: 'Order List'!$K$6:$K$305
Name OL_Cost: 'Order List'!$O$6:$O$305
Name PP_Name: 'Pilot Products'!$B$6:$B$85
Name PP_Type: 'Pilot Products'!$E$6:$E$85
Name PP_Flag: 'Pilot Products'!$H$6:$H$85
Name PP_Units: 'Pilot Products'!$N$6:$N$85
Name RL_Date: 'Restock Log'!$B$6:$B$1505
Name RL_Prod: 'Restock Log'!$D$6:$D$1505
Name RL_Type: 'Restock Log'!$E$6:$E$1505
Name RL_Before: 'Restock Log'!$F$6:$F$1505
Name RL_Added: 'Restock Log'!$G$6:$G$1505
Name RL_After: 'Restock Log'!$H$6:$H$1505
Name RL_Days: 'Restock Log'!$K$6:$K$1505
Name RL_Hours: 'Restock Log'!$L$6:$L$1505
Name RL_Day: 'Restock Log'!$N$6:$N$1505
Name RL_Key: 'Restock Log'!$P$6:$P$1505
Name RL_TS: 'Restock Log'!$R$6:$R$1505
Name FB_Date: 'Feedback Log'!$B$6:$B$1005
Name FB_Type: 'Feedback Log'!$D$6:$D$1005
Name FB_Rating: 'Feedback Log'!$E$6:$E$1005
Name FB_Prod: 'Feedback Log'!$F$6:$F$1005
Name FB_FollowUp: 'Feedback Log'!$I$6:$I$1005

Sheet Home
B1: =cfg_Site&" Operations Hub · Home" | O1: =cfg_AsOf
B2: ⌂ HOME | D2: ⚙ CONTROL | E2: INVENTORY | F2: ✎ COUNT | H2: ✎ RECEIVE | I2: ORDERS | J2: ◧ INV. DASH | L2: PILOT ITEMS | M2: ✎ RESTOCK | N2: ✎ FEEDBACK | P2: ◧ PILOT DASH | Q2: ✎ TASKS
B3: Pick a module below. Only counts, deliveries, refills, feedback and tasks are typed by hand; everything else runs itself.
B6: =IF(SrcCount=0,"NO PRODUCTS LOADED — open Source Data and paste Category, Item Name, Item #, Recent Date Received, Expiration Date and PAR Value.","")
B7: RIGHT NOW
B8: CRITICAL ITEMS | F8: ITEMS TO ORDER | J8: PILOT DAY | N8: PILOT SIGNAL
B9: =COUNTIF(MS_Status,"CRITICAL") | F9: =COUNTIF(OL_Flag,"ORDER") | J9: =IF(cfg_AsOf<cfg_PilotStart,0,MIN(cfg_AsOf-cfg_PilotStart+1,cfg_PilotDays)) | N9: =Pilot_Rec
B12: ALERTS
B13: Critical items (order now) | L13: =COUNTIF(MS_Status,"CRITICAL") | N13: =IF(ISNUMBER(L13),IF(L13>0,"ACTION","CLEAR"),"ACTION") | P13: Open ›
B14: Expired products | L14: =COUNTIF(MS_ExpStatus,"EXPIRED") | N14: =IF(ISNUMBER(L14),IF(L14>0,"ACTION","CLEAR"),"ACTION") | P14: Open ›
B15: ="Products expiring within "&cfg_ExpiryWarn&" days" | L15: =COUNTIF(MS_ExpStatus,"EXPIRING") | N15: =IF(ISNUMBER(L15),IF(L15>0,"ACTION","CLEAR"),"ACTION") | P15: Open ›
B16: Days since the last weekly count | L16: =IF(MAX(CL_Date)=0,"No count yet",cfg_AsOf-MAX(CL_Date)) | N16: =IF(ISNUMBER(L16),IF(L16>7,"ACTION","CLEAR"),"ACTION") | P16: Open ›
B17: Overdue tasks | L17: =COUNTIF(TK_Flag,"OVERDUE") | N17: =IF(ISNUMBER(L17),IF(L17>0,"ACTION","CLEAR"),"ACTION") | P17: Open ›
B18: Open feedback follow-ups | L18: =COUNTIFS(FB_FollowUp,"Yes",FB_Status,"<>Closed") | N18: =IF(ISNUMBER(L18),IF(L18>0,"ACTION","CLEAR"),"ACTION") | P18: Open ›
B20: SYSTEM 1 · INVENTORY MANAGEMENT
B21: CONTROL PANEL | F21: INVENTORY MASTER | J21: ✎ WEEKLY COUNT | N21: ORDER LIST
B22: Thresholds, lead time, order month, pilot dates, lists. | F22: Every product with stock %, status, expiry and suggested order. | J22: Log the weekly physical count here. | N22: Auto-built purchase list with priority, supplier and cost.
B24: INVENTORY DASHBOARD | F24: ✎ RECEIVING LOG | J24: SOURCE DATA
B25: KPIs, status mix, orders by category, expiry watch. | F25: Log deliveries; received units are added to stock. | J25: Product master, suppliers and costs (swap it for another office).
B28: SYSTEM 2 · 60-DAY PANTRY PILOT
B29: PILOT PRODUCTS | F29: ✎ RESTOCK LOG | J29: ✎ FEEDBACK LOG | N29: PILOT DASHBOARD
B30: Snacks & beverages in the pantry with usage stats. | F30: Log every refill (date, time, qty). | J30: Log employee feedback and follow-ups. | N30: Leadership view and continue / expand / adjust signal.
B33: OFFICE
B34: ✎ TASKS
B35: Office work with owners, due dates and overdue flags.
B38: YOUR ROUTINE (a few entries per week)
B39: 1 | C39: Every week | E39: Weekly Count: date, product, quantity, your name. Status, usage and the order list update automatically.
B40: 2 | C40: Each delivery | E40: Receiving Log: date, product, quantity received. It is added to stock.
B41: 3 | C41: Every refill | E41: Restock Log: date, time, product, qty before, qty added, your name.
B42: 4 | C42: Any feedback | E42: Feedback Log: type, rating, product, comment, team, follow-up.
B43: 5 | C43: Monthly | E43: Order List → filter Order Flag = ORDER and place the order.
C45: Blue = your entries | I45: Yellow = one-time setup | N45: White = automatic

Sheet Control Panel
B1: =cfg_Site&" Operations Hub · Control Panel" | O1: =cfg_AsOf
B2: ⌂ HOME | C2: ⚙ CONTROL | D2: INVENTORY | E2: ✎ COUNT | G2: ✎ RECEIVE | H2: ORDERS | I2: ◧ INV. DASH | J2: PILOT ITEMS | K2: ✎ RESTOCK | L2: ✎ FEEDBACK | N2: ◧ PILOT DASH | O2: ✎ TASKS
B3: Every global setting lives here. Change a yellow cell once and all sheets, statuses, orders and dashboards recalculate.
B6: GENERAL | F6: LISTS (dropdown sources — edit anytime)
B7: Site / office name | C7: SJUB | D7: Shown in every title bar. | F7: STAFF | G7: AREAS / TEAMS | H7: SNACK CATEGORIES | I7: BEVERAGE CATEGORIES
B8: Report date (as of) | C8: =TODAY() | D8: Leave as =TODAY() for live reporting, or type a date to report as of that day. | F8: Names for Counted By / Refilled By / Owner | G8: Used by the Feedback Log | H8: Source categories placed in the pantry as Snack | I8: Source categories placed as Beverage
G9: Front Office | H9: Popcorn | I9: Coffee
B10: SYSTEM 1 · INVENTORY RULES | G10: Operations | H10: Pretzels . Crackers. Chips | I10: Teabags
B11: Low-stock threshold (% of PAR) | C11: 0.5 | D11: At or below this share of PAR an item turns LOW (amber). | G11: Administration | H11: Nut
B12: Critical threshold (% of PAR) | C12: 0.25 | D12: At or below this share of PAR an item turns CRITICAL (red). | H12: Cookie. Biscuit
B13: Supplier lead time (days) | C13: 7 | D13: Used to calculate Need-By dates on the order list. | H13: Candy
B14: Expiry warning window (days) | C14: 30 | D14: Items expiring within this many days are flagged EXPIRING. | H14: Healthy Snacks
B15: Order month | C15: =DATE(YEAR(cfg_AsOf),MONTH(cfg_AsOf),1) | D15: Defaults to the report month automatically; type a date to plan another month.
B16: Also reorder OK items below PAR? | C16: No | D16: No = order only LOW and CRITICAL items. Yes = top every item up to PAR.
B18: SYSTEM 2 · PANTRY PILOT
B19: Pilot start date | C19: 46293 | D19: Day 1 of the pilot.
B20: Pilot duration (days) | C20: 60 | D20: Calendar days, including the start and end dates.
B21: Pilot end date | C21: =cfg_PilotStart+cfg_PilotDays-1 | D21: Calculated: start + duration − 1.
B22: Pilot weeks | C22: =ROUNDUP(cfg_PilotDays/7,0) | D22: Calculated.
B24: PILOT DECISION RULES (drive the leadership recommendation)
B25: Minimum feedback entries for a decision | C25: 10 | D25: Below this the dashboard says GATHER MORE DATA.
B26: EXPAND if average rating ≥ | C26: 4.2 | D26: …and positive share at or above the next setting.
B27: EXPAND if positive feedback ≥ | C27: 0.6
B28: CONTINUE if average rating ≥ | C28: 3.5 | D28: Below this the recommendation is ADJUST.
B41: HOW THIS WORKBOOK IS COLOR-CODED
B42: Blue cells | C42: Your weekly entries: physical counts, refills, feedback.
B43: Yellow cells | C43: One-time setup: settings, lists and the source product file.
B44: Grey / white cells | C44: Calculated automatically. Locked — never type here.

Sheet Inventory Master
B1: =cfg_Site&" Operations Hub · Inventory Management" | S1: =cfg_AsOf
B2: ⌂ HOME | C2: ⚙ CONTROL | D2: INVENTORY | E2: ✎ COUNT | G2: ✎ RECEIVE | I2: ORDERS | K2: ◧ INV. DASH | M2: PILOT ITEMS | N2: ✎ RESTOCK | P2: ✎ FEEDBACK | R2: ◧ PILOT DASH | T2: ✎ TASKS
B3: One row per product, built from Source Data. Current stock = latest count + units received after it (Receiving Log). Status: OK › LOW › CRITICAL using the Control Panel thresholds. Nothing on this page is typed by hand.
B5: Category | C5: Item Name | D5: Item # | E5: PAR Level | F5: Starting Qty | G5: Latest Count | H5: Current Stock | I5: Stock % | J5: Status | K5: Suggested Order Qty | L5: Last Count Date | M5: Last Received Date | N5: Counts Logged | O5: Expiration Date | P5: Days to Expiry | Q5: Expiry Status | R5: Received Since Count | S5: Supplier | T5: Unit Cost
B6: ='_Engine'!B2 | C6: ='_Engine'!C2 | D6: ='_Engine'!D2 | E6: ='_Engine'!G2 | F6: =IF(OR($C6="",N6=0),"",INDEX(CL_Count,MATCH('_Engine'!E2&"|1",CL_Key,0))) | G6: =IF(OR($C6="",N6=0),"",INDEX(CL_Count,MATCH('_Engine'!E2&"|"&N6,CL_Key,0))) | H6: =IF(OR($C6="",G6=""),"",G6+N(R6)) | I6: =IF(OR(H6="",E6="",N(E6)=0),"",H6/E6) | J6: =IF($C6="","",IF(H6="","NO COUNT",IF(OR(E6="",N(E6)=0),"NO PAR",IF(I6<=cfg_Crit,"CRITICAL",IF(I6<=cfg_Low,"LOW","OK"))))) | K6: =IF(OR($C6="",H6="",E6=""),"",MAX(0,E6-H6)) | L6: =IF(OR($C6="",N6=0),"",INDEX(CL_Date,MATCH('_Engine'!E2&"|"&N6,CL_Key,0))) | M6: ='_Engine'!F2 | N6: =IF($C6="","",COUNTIFS(CL_Prod,'_Engine'!E2,CL_Count,"<>")) | O6: ='_Engine'!L2 | P6: =IF(ISNUMBER(O6),O6-cfg_AsOf,"") | Q6: =IF($C6="","",IF(NOT(ISNUMBER(O6)),"N/A",IF(P6<0,"EXPIRED",IF(P6<=cfg_ExpiryWarn,"EXPIRING","OK")))) | R6: =IF(OR($C6="",L6=""),"",SUMIFS(RC_Qty,RC_Prod,'_Engine'!E2,RC_Date,">"&L6)) | S6: ='_Engine'!AC2 | T6: ='_Engine'!AD2
B7: ='_Engine'!B3 | C7: ='_Engine'!C3 | D7: ='_Engine'!D3 | E7: ='_Engine'!G3 | F7: =IF(OR($C7="",N7=0),"",INDEX(CL_Count,MATCH('_Engine'!E3&"|1",CL_Key,0))) | G7: =IF(OR($C7="",N7=0),"",INDEX(CL_Count,MATCH('_Engine'!E3&"|"&N7,CL_Key,0))) | H7: =IF(OR($C7="",G7=""),"",G7+N(R7)) | I7: =IF(OR(H7="",E7="",N(E7)=0),"",H7/E7) | J7: =IF($C7="","",IF(H7="","NO COUNT",IF(OR(E7="",N(E7)=0),"NO PAR",IF(I7<=cfg_Crit,"CRITICAL",IF(I7<=cfg_Low,"LOW","OK"))))) | K7: =IF(OR($C7="",H7="",E7=""),"",MAX(0,E7-H7)) | L7: =IF(OR($C7="",N7=0),"",INDEX(CL_Date,MATCH('_Engine'!E3&"|"&N7,CL_Key,0))) | M7: ='_Engine'!F3 | N7: =IF($C7="","",COUNTIFS(CL_Prod,'_Engine'!E3,CL_Count,"<>")) | O7: ='_Engine'!L3 | P7: =IF(ISNUMBER(O7),O7-cfg_AsOf,"") | Q7: =IF($C7="","",IF(NOT(ISNUMBER(O7)),"N/A",IF(P7<0,"EXPIRED",IF(P7<=cfg_ExpiryWarn,"EXPIRING","OK")))) | R7: =IF(OR($C7="",L7=""),"",SUMIFS(RC_Qty,RC_Prod,'_Engine'!E3,RC_Date,">"&L7)) | S7: ='_Engine'!AC3 | T7: ='_Engine'!AD3
B8: ='_Engine'!B4 | C8: ='_Engine'!C4 | D8: ='_Engine'!D4 | E8: ='_Engine'!G4 | F8: =IF(OR($C8="",N8=0),"",INDEX(CL_Count,MATCH('_Engine'!E4&"|1",CL_Key,0))) | G8: =IF(OR($C8="",N8=0),"",INDEX(CL_Count,MATCH('_Engine'!E4&"|"&N8,CL_Key,0))) | H8: =IF(OR($C8="",G8=""),"",G8+N(R8)) | I8: =IF(OR(H8="",E8="",N(E8)=0),"",H8/E8) | J8: =IF($C8="","",IF(H8="","NO COUNT",IF(OR(E8="",N(E8)=0),"NO PAR",IF(I8<=cfg_Crit,"CRITICAL",IF(I8<=cfg_Low,"LOW","OK"))))) | K8: =IF(OR($C8="",H8="",E8=""),"",MAX(0,E8-H8)) | L8: =IF(OR($C8="",N8=0),"",INDEX(CL_Date,MATCH('_Engine'!E4&"|"&N8,CL_Key,0))) | M8: ='_Engine'!F4 | N8: =IF($C8="","",COUNTIFS(CL_Prod,'_Engine'!E4,CL_Count,"<>")) | O8: ='_Engine'!L4 | P8: =IF(ISNUMBER(O8),O8-cfg_AsOf,"") | Q8: =IF($C8="","",IF(NOT(ISNUMBER(O8)),"N/A",IF(P8<0,"EXPIRED",IF(P8<=cfg_ExpiryWarn,"EXPIRING","OK")))) | R8: =IF(OR($C8="",L8=""),"",SUMIFS(RC_Qty,RC_Prod,'_Engine'!E4,RC_Date,">"&L8)) | S8: ='_Engine'!AC4 | T8: ='_Engine'!AD4
B9: ='_Engine'!B5 | C9: ='_Engine'!C5 | D9: ='_Engine'!D5 | E9: ='_Engine'!G5 | F9: =IF(OR($C9="",N9=0),"",INDEX(CL_Count,MATCH('_Engine'!E5&"|1",CL_Key,0))) | G9: =IF(OR($C9="",N9=0),"",INDEX(CL_Count,MATCH('_Engine'!E5&"|"&N9,CL_Key,0))) | H9: =IF(OR($C9="",G9=""),"",G9+N(R9)) | I9: =IF(OR(H9="",E9="",N(E9)=0),"",H9/E9) | J9: =IF($C9="","",IF(H9="","NO COUNT",IF(OR(E9="",N(E9)=0),"NO PAR",IF(I9<=cfg_Crit,"CRITICAL",IF(I9<=cfg_Low,"LOW","OK"))))) | K9: =IF(OR($C9="",H9="",E9=""),"",MAX(0,E9-H9)) | L9: =IF(OR($C9="",N9=0),"",INDEX(CL_Date,MATCH('_Engine'!E5&"|"&N9,CL_Key,0))) | M9: ='_Engine'!F5 | N9: =IF($C9="","",COUNTIFS(CL_Prod,'_Engine'!E5,CL_Count,"<>")) | O9: ='_Engine'!L5 | P9: =IF(ISNUMBER(O9),O9-cfg_AsOf,"") | Q9: =IF($C9="","",IF(NOT(ISNUMBER(O9)),"N/A",IF(P9<0,"EXPIRED",IF(P9<=cfg_ExpiryWarn,"EXPIRING","OK")))) | R9: =IF(OR($C9="",L9=""),"",SUMIFS(RC_Qty,RC_Prod,'_Engine'!E5,RC_Date,">"&L9)) | S9: ='_Engine'!AC5 | T9: ='_Engine'!AD5
B10: ='_Engine'!B6 | C10: ='_Engine'!C6 | D10: ='_Engine'!D6 | E10: ='_Engine'!G6 | F10: =IF(OR($C10="",N10=0),"",INDEX(CL_Count,MATCH('_Engine'!E6&"|1",CL_Key,0))) | G10: =IF(OR($C10="",N10=0),"",INDEX(CL_Count,MATCH('_Engine'!E6&"|"&N10,CL_Key,0))) | H10: =IF(OR($C10="",G10=""),"",G10+N(R10)) | I10: =IF(OR(H10="",E10="",N(E10)=0),"",H10/E10) | J10: =IF($C10="","",IF(H10="","NO COUNT",IF(OR(E10="",N(E10)=0),"NO PAR",IF(I10<=cfg_Crit,"CRITICAL",IF(I10<=cfg_Low,"LOW","OK"))))) | K10: =IF(OR($C10="",H10="",E10=""),"",MAX(0,E10-H10)) | L10: =IF(OR($C10="",N10=0),"",INDEX(CL_Date,MATCH('_Engine'!E6&"|"&N10,CL_Key,0))) | M10: ='_Engine'!F6 | N10: =IF($C10="","",COUNTIFS(CL_Prod,'_Engine'!E6,CL_Count,"<>")) | O10: ='_Engine'!L6 | P10: =IF(ISNUMBER(O10),O10-cfg_AsOf,"") | Q10: =IF($C10="","",IF(NOT(ISNUMBER(O10)),"N/A",IF(P10<0,"EXPIRED",IF(P10<=cfg_ExpiryWarn,"EXPIRING","OK")))) | R10: =IF(OR($C10="",L10=""),"",SUMIFS(RC_Qty,RC_Prod,'_Engine'!E6,RC_Date,">"&L10)) | S10: ='_Engine'!AC6 | T10: ='_Engine'!AD6
B11: ='_Engine'!B7 | C11: ='_Engine'!C7 | D11: ='_Engine'!D7 | E11: ='_Engine'!G7 | F11: =IF(OR($C11="",N11=0),"",INDEX(CL_Count,MATCH('_Engine'!E7&"|1",CL_Key,0))) | G11: =IF(OR($C11="",N11=0),"",INDEX(CL_Count,MATCH('_Engine'!E7&"|"&N11,CL_Key,0))) | H11: =IF(OR($C11="",G11=""),"",G11+N(R11)) | I11: =IF(OR(H11="",E11="",N(E11)=0),"",H11/E11) | J11: =IF($C11="","",IF(H11="","NO COUNT",IF(OR(E11="",N(E11)=0),"NO PAR",IF(I11<=cfg_Crit,"CRITICAL",IF(I11<=cfg_Low,"LOW","OK"))))) | K11: =IF(OR($C11="",H11="",E11=""),"",MAX(0,E11-H11)) | L11: =IF(OR($C11="",N11=0),"",INDEX(CL_Date,MATCH('_Engine'!E7&"|"&N11,CL_Key,0))) | M11: ='_Engine'!F7 | N11: =IF($C11="","",COUNTIFS(CL_Prod,'_Engine'!E7,CL_Count,"<>")) | O11: ='_Engine'!L7 | P11: =IF(ISNUMBER(O11),O11-cfg_AsOf,"") | Q11: =IF($C11="","",IF(NOT(ISNUMBER(O11)),"N/A",IF(P11<0,"EXPIRED",IF(P11<=cfg_ExpiryWarn,"EXPIRING","OK")))) | R11: =IF(OR($C11="",L11=""),"",SUMIFS(RC_Qty,RC_Prod,'_Engine'!E7,RC_Date,">"&L11)) | S11: ='_Engine'!AC7 | T11: ='_Engine'!AD7
B12: ='_Engine'!B8 | C12: ='_Engine'!C8 | D12: ='_Engine'!D8 | E12: ='_Engine'!G8 | F12: =IF(OR($C12="",N12=0),"",INDEX(CL_Count,MATCH('_Engine'!E8&"|1",CL_Key,0))) | G12: =IF(OR($C12="",N12=0),"",INDEX(CL_Count,MATCH('_Engine'!E8&"|"&N12,CL_Key,0))) | H12: =IF(OR($C12="",G12=""),"",G12+N(R12)) | I12: =IF(OR(H12="",E12="",N(E12)=0),"",H12/E12) | J12: =IF($C12="","",IF(H12="","NO COUNT",IF(OR(E12="",N(E12)=0),"NO PAR",IF(I12<=cfg_Crit,"CRITICAL",IF(I12<=cfg_Low,"LOW","OK"))))) | K12: =IF(OR($C12="",H12="",E12=""),"",MAX(0,E12-H12)) | L12: =IF(OR($C12="",N12=0),"",INDEX(CL_Date,MATCH('_Engine'!E8&"|"&N12,CL_Key,0))) | M12: ='_Engine'!F8 | N12: =IF($C12="","",COUNTIFS(CL_Prod,'_Engine'!E8,CL_Count,"<>")) | O12: ='_Engine'!L8 | P12: =IF(ISNUMBER(O12),O12-cfg_AsOf,"") | Q12: =IF($C12="","",IF(NOT(ISNUMBER(O12)),"N/A",IF(P12<0,"EXPIRED",IF(P12<=cfg_ExpiryWarn,"EXPIRING","OK")))) | R12: =IF(OR($C12="",L12=""),"",SUMIFS(RC_Qty,RC_Prod,'_Engine'!E8,RC_Date,">"&L12)) | S12: ='_Engine'!AC8 | T12: ='_Engine'!AD8
B13: ='_Engine'!B9 | C13: ='_Engine'!C9 | D13: ='_Engine'!D9 | E13: ='_Engine'!G9 | F13: =IF(OR($C13="",N13=0),"",INDEX(CL_Count,MATCH('_Engine'!E9&"|1",CL_Key,0))) | G13: =IF(OR($C13="",N13=0),"",INDEX(CL_Count,MATCH('_Engine'!E9&"|"&N13,CL_Key,0))) | H13: =IF(OR($C13="",G13=""),"",G13+N(R13)) | I13: =IF(OR(H13="",E13="",N(E13)=0),"",H13/E13) | J13: =IF($C13="","",IF(H13="","NO COUNT",IF(OR(E13="",N(E13)=0),"NO PAR",IF(I13<=cfg_Crit,"CRITICAL",IF(I13<=cfg_Low,"LOW","OK"))))) | K13: =IF(OR($C13="",H13="",E13=""),"",MAX(0,E13-H13)) | L13: =IF(OR($C13="",N13=0),"",INDEX(CL_Date,MATCH('_Engine'!E9&"|"&N13,CL_Key,0))) | M13: ='_Engine'!F9 | N13: =IF($C13="","",COUNTIFS(CL_Prod,'_Engine'!E9,CL_Count,"<>")) | O13: ='_Engine'!L9 | P13: =IF(ISNUMBER(O13),O13-cfg_AsOf,"") | Q13: =IF($C13="","",IF(NOT(ISNUMBER(O13)),"N/A",IF(P13<0,"EXPIRED",IF(P13<=cfg_ExpiryWarn,"EXPIRING","OK")))) | R13: =IF(OR($C13="",L13=""),"",SUMIFS(RC_Qty,RC_Prod,'_Engine'!E9,RC_Date,">"&L13)) | S13: ='_Engine'!AC9 | T13: ='_Engine'!AD9
B14: ='_Engine'!B10 | C14: ='_Engine'!C10 | D14: ='_Engine'!D10 | E14: ='_Engine'!G10 | F14: =IF(OR($C14="",N14=0),"",INDEX(CL_Count,MATCH('_Engine'!E10&"|1",CL_Key,0))) | G14: =IF(OR($C14="",N14=0),"",INDEX(CL_Count,MATCH('_Engine'!E10&"|"&N14,CL_Key,0))) | H14: =IF(OR($C14="",G14=""),"",G14+N(R14)) | I14: =IF(OR(H14="",E14="",N(E14)=0),"",H14/E14) | J14: =IF($C14="","",IF(H14="","NO COUNT",IF(OR(E14="",N(E14)=0),"NO PAR",IF(I14<=cfg_Crit,"CRITICAL",IF(I14<=cfg_Low,"LOW","OK"))))) | K14: =IF(OR($C14="",H14="",E14=""),"",MAX(0,E14-H14)) | L14: =IF(OR($C14="",N14=0),"",INDEX(CL_Date,MATCH('_Engine'!E10&"|"&N14,CL_Key,0))) | M14: ='_Engine'!F10 | N14: =IF($C14="","",COUNTIFS(CL_Prod,'_Engine'!E10,CL_Count,"<>")) | O14: ='_Engine'!L10 | P14: =IF(ISNUMBER(O14),O14-cfg_AsOf,"") | Q14: =IF($C14="","",IF(NOT(ISNUMBER(O14)),"N/A",IF(P14<0,"EXPIRED",IF(P14<=cfg_ExpiryWarn,"EXPIRING","OK")))) | R14: =IF(OR($C14="",L14=""),"",SUMIFS(RC_Qty,RC_Prod,'_Engine'!E10,RC_Date,">"&L14)) | S14: ='_Engine'!AC10 | T14: ='_Engine'!AD10
B15: ='_Engine'!B11 | C15: ='_Engine'!C11 | D15: ='_Engine'!D11 | E15: ='_Engine'!G11 | F15: =IF(OR($C15="",N15=0),"",INDEX(CL_Count,MATCH('_Engine'!E11&"|1",CL_Key,0))) | G15: =IF(OR($C15="",N15=0),"",INDEX(CL_Count,MATCH('_Engine'!E11&"|"&N15,CL_Key,0))) | H15: =IF(OR($C15="",G15=""),"",G15+N(R15)) | I15: =IF(OR(H15="",E15="",N(E15)=0),"",H15/E15) | J15: =IF($C15="","",IF(H15="","NO COUNT",IF(OR(E15="",N(E15)=0),"NO PAR",IF(I15<=cfg_Crit,"CRITICAL",IF(I15<=cfg_Low,"LOW","OK"))))) | K15: =IF(OR($C15="",H15="",E15=""),"",MAX(0,E15-H15)) | L15: =IF(OR($C15="",N15=0),"",INDEX(CL_Date,MATCH('_Engine'!E11&"|"&N15,CL_Key,0))) | M15: ='_Engine'!F11 | N15: =IF($C15="","",COUNTIFS(CL_Prod,'_Engine'!E11,CL_Count,"<>")) | O15: ='_Engine'!L11 | P15: =IF(ISNUMBER(O15),O15-cfg_AsOf,"") | Q15: =IF($C15="","",IF(NOT(ISNUMBER(O15)),"N/A",IF(P15<0,"EXPIRED",IF(P15<=cfg_ExpiryWarn,"EXPIRING","OK")))) | R15: =IF(OR($C15="",L15=""),"",SUMIFS(RC_Qty,RC_Prod,'_Engine'!E11,RC_Date,">"&L15)) | S15: ='_Engine'!AC11 | T15: ='_Engine'!AD11
B16: ='_Engine'!B12 | C16: ='_Engine'!C12 | D16: ='_Engine'!D12 | E16: ='_Engine'!G12 | F16: =IF(OR($C16="",N16=0),"",INDEX(CL_Count,MATCH('_Engine'!E12&"|1",CL_Key,0))) | G16: =IF(OR($C16="",N16=0),"",INDEX(CL_Count,MATCH('_Engine'!E12&"|"&N16,CL_Key,0))) | H16: =IF(OR($C16="",G16=""),"",G16+N(R16)) | I16: =IF(OR(H16="",E16="",N(E16)=0),"",H16/E16) | J16: =IF($C16="","",IF(H16="","NO COUNT",IF(OR(E16="",N(E16)=0),"NO PAR",IF(I16<=cfg_Crit,"CRITICAL",IF(I16<=cfg_Low,"LOW","OK"))))) | K16: =IF(OR($C16="",H16="",E16=""),"",MAX(0,E16-H16)) | L16: =IF(OR($C16="",N16=0),"",INDEX(CL_Date,MATCH('_Engine'!E12&"|"&N16,CL_Key,0))) | M16: ='_Engine'!F12 | N16: =IF($C16="","",COUNTIFS(CL_Prod,'_Engine'!E12,CL_Count,"<>")) | O16: ='_Engine'!L12 | P16: =IF(ISNUMBER(O16),O16-cfg_AsOf,"") | Q16: =IF($C16="","",IF(NOT(ISNUMBER(O16)),"N/A",IF(P16<0,"EXPIRED",IF(P16<=cfg_ExpiryWarn,"EXPIRING","OK")))) | R16: =IF(OR($C16="",L16=""),"",SUMIFS(RC_Qty,RC_Prod,'_Engine'!E12,RC_Date,">"&L16)) | S16: ='_Engine'!AC12 | T16: ='_Engine'!AD12
B17: ='_Engine'!B13 | C17: ='_Engine'!C13 | D17: ='_Engine'!D13 | E17: ='_Engine'!G13 | F17: =IF(OR($C17="",N17=0),"",INDEX(CL_Count,MATCH('_Engine'!E13&"|1",CL_Key,0))) | G17: =IF(OR($C17="",N17=0),"",INDEX(CL_Count,MATCH('_Engine'!E13&"|"&N17,CL_Key,0))) | H17: =IF(OR($C17="",G17=""),"",G17+N(R17)) | I17: =IF(OR(H17="",E17="",N(E17)=0),"",H17/E17) | J17: =IF($C17="","",IF(H17="","NO COUNT",IF(OR(E17="",N(E17)=0),"NO PAR",IF(I17<=cfg_Crit,"CRITICAL",IF(I17<=cfg_Low,"LOW","OK"))))) | K17: =IF(OR($C17="",H17="",E17=""),"",MAX(0,E17-H17)) | L17: =IF(OR($C17="",N17=0),"",INDEX(CL_Date,MATCH('_Engine'!E13&"|"&N17,CL_Key,0))) | M17: ='_Engine'!F13 | N17: =IF($C17="","",COUNTIFS(CL_Prod,'_Engine'!E13,CL_Count,"<>")) | O17: ='_Engine'!L13 | P17: =IF(ISNUMBER(O17),O17-cfg_AsOf,"") | Q17: =IF($C17="","",IF(NOT(ISNUMBER(O17)),"N/A",IF(P17<0,"EXPIRED",IF(P17<=cfg_ExpiryWarn,"EXPIRING","OK")))) | R17: =IF(OR($C17="",L17=""),"",SUMIFS(RC_Qty,RC_Prod,'_Engine'!E13,RC_Date,">"&L17)) | S17: ='_Engine'!AC13 | T17: ='_Engine'!AD13
... B305: ='_Engine'!B301 | C305: ='_Engine'!C301 | D305: ='_Engine'!D301 | E305: ='_Engine'!G301 | F305: =IF(OR($C305="",N305=0),"",INDEX(CL_Count,MATCH('_Engine'!E301&"|1",CL_Key,0))) | G305: =IF(OR($C305="",N305=0),"",INDEX(CL_Count,MATCH('_Engine'!E301&"|"&N305,CL_Key,0))) | H305: =IF(OR($C305="",G305=""),"",G305+N(R305)) | I305: =IF(OR(H305="",E305="",N(E305)=0),"",H305/E305) | J305: =IF($C305="","",IF(H305="","NO COUNT",IF(OR(E305="",N(E305)=0),"NO PAR",IF(I305<=cfg_Crit,"CRITICAL",IF(I305<=cfg_Low,"LOW","OK"))))) | K305: =IF(OR($C305="",H305="",E305=""),"",MAX(0,E305-H305)) | L305: =IF(OR($C305="",N305=0),"",INDEX(CL_Date,MATCH('_Engine'!E301&"|"&N305,CL_Key,0))) | M305: ='_Engine'!F301 | N305: =IF($C305="","",COUNTIFS(CL_Prod,'_Engine'!E301,CL_Count,"<>")) | O305: ='_Engine'!L301 | P305: =IF(ISNUMBER(O305),O305-cfg_AsOf,"") | Q305: =IF($C305="","",IF(NOT(ISNUMBER(O305)),"N/A",IF(P305<0,"EXPIRED",IF(P305<=cfg_ExpiryWarn,"EXPIRING","OK")))) | R305: =IF(OR($C305="",L305=""),"",SUMIFS(RC_Qty,RC_Prod,'_Engine'!E301,RC_Date,">"&L305)) | S305: ='_Engine'!AC301 | T305: ='_Engine'!AD301

Sheet Weekly Count
B1: =cfg_Site&" Operations Hub · Inventory Management" | Q1: =cfg_AsOf
B2: ⌂ HOME | D2: ⚙ CONTROL | E2: INVENTORY | F2: ✎ COUNT | G2: ✎ RECEIVE | H2: ORDERS | I2: ◧ INV. DASH | J2: PILOT ITEMS | L2: ✎ RESTOCK | M2: ✎ FEEDBACK | Q2: ◧ PILOT DASH | R2: ✎ TASKS
B3: Weekly physical count — type only the BLUE columns: date, pick the product, the quantity on the shelf and who counted. Add new counts at the bottom (oldest first). Everything else fills itself and feeds the Inventory Master.
B5: Count Date | C5: Week # | D5: Product | E5: Item # | F5: Physical Count | G5: Prior Count | H5: Weekly Usage | I5: Counted By | J5: PAR Level | K5: Variance to PAR | L5: Status | M5: Month | N5: Record ID | O5: Key | P5: Seq
C6: =IF(B6="","",WEEKNUM(B6,21)) | E6: =IF(D6="","",IFERROR(INDEX(Eng_Item,MATCH(D6,Eng_Label,0)),"not in list")) | G6: =IF(OR(P6="",N(P6)<=1),"",INDEX($F$6:$F$3005,MATCH(D6&"|"&(P6-1),$O$6:$O$3005,0))) | H6: =IF(G6="","",MAX(0,G6-F6)) | J6: =IF(D6="","",IFERROR(INDEX(Eng_PAR,MATCH(D6,Eng_Label,0)),"")) | K6: =IF(OR(F6="",J6=""),"",F6-J6) | L6: =IF(OR(F6="",J6="",N(J6)=0),"",IF(F6/J6<=cfg_Crit,"CRITICAL",IF(F6/J6<=cfg_Low,"LOW","OK"))) | M6: =IF(B6="","",DATE(YEAR(B6),MONTH(B6),1)) | N6: =IF(OR(B6="",D6=""),"","CNT-"&TEXT(ROW()-5,"00000")) | O6: =IF(P6="","",D6&"|"&P6) | P6: =IF(OR(D6="",F6=""),"",COUNTIFS($D$6:D6,D6,$F$6:F6,"<>"))
C7: =IF(B7="","",WEEKNUM(B7,21)) | E7: =IF(D7="","",IFERROR(INDEX(Eng_Item,MATCH(D7,Eng_Label,0)),"not in list")) | G7: =IF(OR(P7="",N(P7)<=1),"",INDEX($F$6:$F$3005,MATCH(D7&"|"&(P7-1),$O$6:$O$3005,0))) | H7: =IF(G7="","",MAX(0,G7-F7)) | J7: =IF(D7="","",IFERROR(INDEX(Eng_PAR,MATCH(D7,Eng_Label,0)),"")) | K7: =IF(OR(F7="",J7=""),"",F7-J7) | L7: =IF(OR(F7="",J7="",N(J7)=0),"",IF(F7/J7<=cfg_Crit,"CRITICAL",IF(F7/J7<=cfg_Low,"LOW","OK"))) | M7: =IF(B7="","",DATE(YEAR(B7),MONTH(B7),1)) | N7: =IF(OR(B7="",D7=""),"","CNT-"&TEXT(ROW()-5,"00000")) | O7: =IF(P7="","",D7&"|"&P7) | P7: =IF(OR(D7="",F7=""),"",COUNTIFS($D$6:D7,D7,$F$6:F7,"<>"))
C8: =IF(B8="","",WEEKNUM(B8,21)) | E8: =IF(D8="","",IFERROR(INDEX(Eng_Item,MATCH(D8,Eng_Label,0)),"not in list")) | G8: =IF(OR(P8="",N(P8)<=1),"",INDEX($F$6:$F$3005,MATCH(D8&"|"&(P8-1),$O$6:$O$3005,0))) | H8: =IF(G8="","",MAX(0,G8-F8)) | J8: =IF(D8="","",IFERROR(INDEX(Eng_PAR,MATCH(D8,Eng_Label,0)),"")) | K8: =IF(OR(F8="",J8=""),"",F8-J8) | L8: =IF(OR(F8="",J8="",N(J8)=0),"",IF(F8/J8<=cfg_Crit,"CRITICAL",IF(F8/J8<=cfg_Low,"LOW","OK"))) | M8: =IF(B8="","",DATE(YEAR(B8),MONTH(B8),1)) | N8: =IF(OR(B8="",D8=""),"","CNT-"&TEXT(ROW()-5,"00000")) | O8: =IF(P8="","",D8&"|"&P8) | P8: =IF(OR(D8="",F8=""),"",COUNTIFS($D$6:D8,D8,$F$6:F8,"<>"))
C9: =IF(B9="","",WEEKNUM(B9,21)) | E9: =IF(D9="","",IFERROR(INDEX(Eng_Item,MATCH(D9,Eng_Label,0)),"not in list")) | G9: =IF(OR(P9="",N(P9)<=1),"",INDEX($F$6:$F$3005,MATCH(D9&"|"&(P9-1),$O$6:$O$3005,0))) | H9: =IF(G9="","",MAX(0,G9-F9)) | J9: =IF(D9="","",IFERROR(INDEX(Eng_PAR,MATCH(D9,Eng_Label,0)),"")) | K9: =IF(OR(F9="",J9=""),"",F9-J9) | L9: =IF(OR(F9="",J9="",N(J9)=0),"",IF(F9/J9<=cfg_Crit,"CRITICAL",IF(F9/J9<=cfg_Low,"LOW","OK"))) | M9: =IF(B9="","",DATE(YEAR(B9),MONTH(B9),1)) | N9: =IF(OR(B9="",D9=""),"","CNT-"&TEXT(ROW()-5,"00000")) | O9: =IF(P9="","",D9&"|"&P9) | P9: =IF(OR(D9="",F9=""),"",COUNTIFS($D$6:D9,D9,$F$6:F9,"<>"))
C10: =IF(B10="","",WEEKNUM(B10,21)) | E10: =IF(D10="","",IFERROR(INDEX(Eng_Item,MATCH(D10,Eng_Label,0)),"not in list")) | G10: =IF(OR(P10="",N(P10)<=1),"",INDEX($F$6:$F$3005,MATCH(D10&"|"&(P10-1),$O$6:$O$3005,0))) | H10: =IF(G10="","",MAX(0,G10-F10)) | J10: =IF(D10="","",IFERROR(INDEX(Eng_PAR,MATCH(D10,Eng_Label,0)),"")) | K10: =IF(OR(F10="",J10=""),"",F10-J10) | L10: =IF(OR(F10="",J10="",N(J10)=0),"",IF(F10/J10<=cfg_Crit,"CRITICAL",IF(F10/J10<=cfg_Low,"LOW","OK"))) | M10: =IF(B10="","",DATE(YEAR(B10),MONTH(B10),1)) | N10: =IF(OR(B10="",D10=""),"","CNT-"&TEXT(ROW()-5,"00000")) | O10: =IF(P10="","",D10&"|"&P10) | P10: =IF(OR(D10="",F10=""),"",COUNTIFS($D$6:D10,D10,$F$6:F10,"<>"))
C11: =IF(B11="","",WEEKNUM(B11,21)) | E11: =IF(D11="","",IFERROR(INDEX(Eng_Item,MATCH(D11,Eng_Label,0)),"not in list")) | G11: =IF(OR(P11="",N(P11)<=1),"",INDEX($F$6:$F$3005,MATCH(D11&"|"&(P11-1),$O$6:$O$3005,0))) | H11: =IF(G11="","",MAX(0,G11-F11)) | J11: =IF(D11="","",IFERROR(INDEX(Eng_PAR,MATCH(D11,Eng_Label,0)),"")) | K11: =IF(OR(F11="",J11=""),"",F11-J11) | L11: =IF(OR(F11="",J11="",N(J11)=0),"",IF(F11/J11<=cfg_Crit,"CRITICAL",IF(F11/J11<=cfg_Low,"LOW","OK"))) | M11: =IF(B11="","",DATE(YEAR(B11),MONTH(B11),1)) | N11: =IF(OR(B11="",D11=""),"","CNT-"&TEXT(ROW()-5,"00000")) | O11: =IF(P11="","",D11&"|"&P11) | P11: =IF(OR(D11="",F11=""),"",COUNTIFS($D$6:D11,D11,$F$6:F11,"<>"))
C12: =IF(B12="","",WEEKNUM(B12,21)) | E12: =IF(D12="","",IFERROR(INDEX(Eng_Item,MATCH(D12,Eng_Label,0)),"not in list")) | G12: =IF(OR(P12="",N(P12)<=1),"",INDEX($F$6:$F$3005,MATCH(D12&"|"&(P12-1),$O$6:$O$3005,0))) | H12: =IF(G12="","",MAX(0,G12-F12)) | J12: =IF(D12="","",IFERROR(INDEX(Eng_PAR,MATCH(D12,Eng_Label,0)),"")) | K12: =IF(OR(F12="",J12=""),"",F12-J12) | L12: =IF(OR(F12="",J12="",N(J12)=0),"",IF(F12/J12<=cfg_Crit,"CRITICAL",IF(F12/J12<=cfg_Low,"LOW","OK"))) | M12: =IF(B12="","",DATE(YEAR(B12),MONTH(B12),1)) | N12: =IF(OR(B12="",D12=""),"","CNT-"&TEXT(ROW()-5,"00000")) | O12: =IF(P12="","",D12&"|"&P12) | P12: =IF(OR(D12="",F12=""),"",COUNTIFS($D$6:D12,D12,$F$6:F12,"<>"))
C13: =IF(B13="","",WEEKNUM(B13,21)) | E13: =IF(D13="","",IFERROR(INDEX(Eng_Item,MATCH(D13,Eng_Label,0)),"not in list")) | G13: =IF(OR(P13="",N(P13)<=1),"",INDEX($F$6:$F$3005,MATCH(D13&"|"&(P13-1),$O$6:$O$3005,0))) | H13: =IF(G13="","",MAX(0,G13-F13)) | J13: =IF(D13="","",IFERROR(INDEX(Eng_PAR,MATCH(D13,Eng_Label,0)),"")) | K13: =IF(OR(F13="",J13=""),"",F13-J13) | L13: =IF(OR(F13="",J13="",N(J13)=0),"",IF(F13/J13<=cfg_Crit,"CRITICAL",IF(F13/J13<=cfg_Low,"LOW","OK"))) | M13: =IF(B13="","",DATE(YEAR(B13),MONTH(B13),1)) | N13: =IF(OR(B13="",D13=""),"","CNT-"&TEXT(ROW()-5,"00000")) | O13: =IF(P13="","",D13&"|"&P13) | P13: =IF(OR(D13="",F13=""),"",COUNTIFS($D$6:D13,D13,$F$6:F13,"<>"))
C14: =IF(B14="","",WEEKNUM(B14,21)) | E14: =IF(D14="","",IFERROR(INDEX(Eng_Item,MATCH(D14,Eng_Label,0)),"not in list")) | G14: =IF(OR(P14="",N(P14)<=1),"",INDEX($F$6:$F$3005,MATCH(D14&"|"&(P14-1),$O$6:$O$3005,0))) | H14: =IF(G14="","",MAX(0,G14-F14)) | J14: =IF(D14="","",IFERROR(INDEX(Eng_PAR,MATCH(D14,Eng_Label,0)),"")) | K14: =IF(OR(F14="",J14=""),"",F14-J14) | L14: =IF(OR(F14="",J14="",N(J14)=0),"",IF(F14/J14<=cfg_Crit,"CRITICAL",IF(F14/J14<=cfg_Low,"LOW","OK"))) | M14: =IF(B14="","",DATE(YEAR(B14),MONTH(B14),1)) | N14: =IF(OR(B14="",D14=""),"","CNT-"&TEXT(ROW()-5,"00000")) | O14: =IF(P14="","",D14&"|"&P14) | P14: =IF(OR(D14="",F14=""),"",COUNTIFS($D$6:D14,D14,$F$6:F14,"<>"))
C15: =IF(B15="","",WEEKNUM(B15,21)) | E15: =IF(D15="","",IFERROR(INDEX(Eng_Item,MATCH(D15,Eng_Label,0)),"not in list")) | G15: =IF(OR(P15="",N(P15)<=1),"",INDEX($F$6:$F$3005,MATCH(D15&"|"&(P15-1),$O$6:$O$3005,0))) | H15: =IF(G15="","",MAX(0,G15-F15)) | J15: =IF(D15="","",IFERROR(INDEX(Eng_PAR,MATCH(D15,Eng_Label,0)),"")) | K15: =IF(OR(F15="",J15=""),"",F15-J15) | L15: =IF(OR(F15="",J15="",N(J15)=0),"",IF(F15/J15<=cfg_Crit,"CRITICAL",IF(F15/J15<=cfg_Low,"LOW","OK"))) | M15: =IF(B15="","",DATE(YEAR(B15),MONTH(B15),1)) | N15: =IF(OR(B15="",D15=""),"","CNT-"&TEXT(ROW()-5,"00000")) | O15: =IF(P15="","",D15&"|"&P15) | P15: =IF(OR(D15="",F15=""),"",COUNTIFS($D$6:D15,D15,$F$6:F15,"<>"))
C16: =IF(B16="","",WEEKNUM(B16,21)) | E16: =IF(D16="","",IFERROR(INDEX(Eng_Item,MATCH(D16,Eng_Label,0)),"not in list")) | G16: =IF(OR(P16="",N(P16)<=1),"",INDEX($F$6:$F$3005,MATCH(D16&"|"&(P16-1),$O$6:$O$3005,0))) | H16: =IF(G16="","",MAX(0,G16-F16)) | J16: =IF(D16="","",IFERROR(INDEX(Eng_PAR,MATCH(D16,Eng_Label,0)),"")) | K16: =IF(OR(F16="",J16=""),"",F16-J16) | L16: =IF(OR(F16="",J16="",N(J16)=0),"",IF(F16/J16<=cfg_Crit,"CRITICAL",IF(F16/J16<=cfg_Low,"LOW","OK"))) | M16: =IF(B16="","",DATE(YEAR(B16),MONTH(B16),1)) | N16: =IF(OR(B16="",D16=""),"","CNT-"&TEXT(ROW()-5,"00000")) | O16: =IF(P16="","",D16&"|"&P16) | P16: =IF(OR(D16="",F16=""),"",COUNTIFS($D$6:D16,D16,$F$6:F16,"<>"))
C17: =IF(B17="","",WEEKNUM(B17,21)) | E17: =IF(D17="","",IFERROR(INDEX(Eng_Item,MATCH(D17,Eng_Label,0)),"not in list")) | G17: =IF(OR(P17="",N(P17)<=1),"",INDEX($F$6:$F$3005,MATCH(D17&"|"&(P17-1),$O$6:$O$3005,0))) | H17: =IF(G17="","",MAX(0,G17-F17)) | J17: =IF(D17="","",IFERROR(INDEX(Eng_PAR,MATCH(D17,Eng_Label,0)),"")) | K17: =IF(OR(F17="",J17=""),"",F17-J17) | L17: =IF(OR(F17="",J17="",N(J17)=0),"",IF(F17/J17<=cfg_Crit,"CRITICAL",IF(F17/J17<=cfg_Low,"LOW","OK"))) | M17: =IF(B17="","",DATE(YEAR(B17),MONTH(B17),1)) | N17: =IF(OR(B17="",D17=""),"","CNT-"&TEXT(ROW()-5,"00000")) | O17: =IF(P17="","",D17&"|"&P17) | P17: =IF(OR(D17="",F17=""),"",COUNTIFS($D$6:D17,D17,$F$6:F17,"<>"))
... C3005: =IF(B3005="","",WEEKNUM(B3005,21)) | E3005: =IF(D3005="","",IFERROR(INDEX(Eng_Item,MATCH(D3005,Eng_Label,0)),"not in list")) | G3005: =IF(OR(P3005="",N(P3005)<=1),"",INDEX($F$6:$F$3005,MATCH(D3005&"|"&(P3005-1),$O$6:$O$3005,0))) | H3005: =IF(G3005="","",MAX(0,G3005-F3005)) | J3005: =IF(D3005="","",IFERROR(INDEX(Eng_PAR,MATCH(D3005,Eng_Label,0)),"")) | K3005: =IF(OR(F3005="",J3005=""),"",F3005-J3005) | L3005: =IF(OR(F3005="",J3005="",N(J3005)=0),"",IF(F3005/J3005<=cfg_Crit,"CRITICAL",IF(F3005/J3005<=cfg_Low,"LOW","OK"))) | M3005: =IF(B3005="","",DATE(YEAR(B3005),MONTH(B3005),1)) | N3005: =IF(OR(B3005="",D3005=""),"","CNT-"&TEXT(ROW()-5,"00000")) | O3005: =IF(P3005="","",D3005&"|"&P3005) | P3005: =IF(OR(D3005="",F3005=""),"",COUNTIFS($D$6:D3005,D3005,$F$6:F3005,"<>"))

Sheet Receiving Log
B1: =cfg_Site&" Operations Hub · Inventory Management" | O1: =cfg_AsOf
B2: ⌂ HOME | D2: ⚙ CONTROL | E2: INVENTORY | F2: ✎ COUNT | G2: ✎ RECEIVE | H2: ORDERS | I2: ◧ INV. DASH | J2: PILOT ITEMS | K2: ✎ RESTOCK | M2: ✎ FEEDBACK | N2: ◧ PILOT DASH | P2: ✎ TASKS
B3: Log every delivery — type only the BLUE columns. Units received after a product's last count are added to its Current Stock. Leave Unit Cost empty to use the cost from Source Data.
B5: Date Received | C5: Product | D5: Item # | E5: Supplier | F5: Qty Received | G5: Unit Cost | H5: Line Cost | I5: PO / Reference | J5: Received By | K5: Month | L5: Record ID
D6: =IF(C6="","",IFERROR(INDEX(Eng_Item,MATCH(C6,Eng_Label,0)),"not in list")) | E6: =IF(C6="","",IFERROR(INDEX(Eng_Supplier,MATCH(C6,Eng_Label,0)),"")) | H6: =IF(F6="","",F6*IF(G6<>"",G6,N(IFERROR(INDEX(Eng_Cost,MATCH(C6,Eng_Label,0)),0)))) | K6: =IF(B6="","",DATE(YEAR(B6),MONTH(B6),1)) | L6: =IF(OR(B6="",C6=""),"","RCV-"&TEXT(ROW()-5,"00000"))
D7: =IF(C7="","",IFERROR(INDEX(Eng_Item,MATCH(C7,Eng_Label,0)),"not in list")) | E7: =IF(C7="","",IFERROR(INDEX(Eng_Supplier,MATCH(C7,Eng_Label,0)),"")) | H7: =IF(F7="","",F7*IF(G7<>"",G7,N(IFERROR(INDEX(Eng_Cost,MATCH(C7,Eng_Label,0)),0)))) | K7: =IF(B7="","",DATE(YEAR(B7),MONTH(B7),1)) | L7: =IF(OR(B7="",C7=""),"","RCV-"&TEXT(ROW()-5,"00000"))
D8: =IF(C8="","",IFERROR(INDEX(Eng_Item,MATCH(C8,Eng_Label,0)),"not in list")) | E8: =IF(C8="","",IFERROR(INDEX(Eng_Supplier,MATCH(C8,Eng_Label,0)),"")) | H8: =IF(F8="","",F8*IF(G8<>"",G8,N(IFERROR(INDEX(Eng_Cost,MATCH(C8,Eng_Label,0)),0)))) | K8: =IF(B8="","",DATE(YEAR(B8),MONTH(B8),1)) | L8: =IF(OR(B8="",C8=""),"","RCV-"&TEXT(ROW()-5,"00000"))
D9: =IF(C9="","",IFERROR(INDEX(Eng_Item,MATCH(C9,Eng_Label,0)),"not in list")) | E9: =IF(C9="","",IFERROR(INDEX(Eng_Supplier,MATCH(C9,Eng_Label,0)),"")) | H9: =IF(F9="","",F9*IF(G9<>"",G9,N(IFERROR(INDEX(Eng_Cost,MATCH(C9,Eng_Label,0)),0)))) | K9: =IF(B9="","",DATE(YEAR(B9),MONTH(B9),1)) | L9: =IF(OR(B9="",C9=""),"","RCV-"&TEXT(ROW()-5,"00000"))
D10: =IF(C10="","",IFERROR(INDEX(Eng_Item,MATCH(C10,Eng_Label,0)),"not in list")) | E10: =IF(C10="","",IFERROR(INDEX(Eng_Supplier,MATCH(C10,Eng_Label,0)),"")) | H10: =IF(F10="","",F10*IF(G10<>"",G10,N(IFERROR(INDEX(Eng_Cost,MATCH(C10,Eng_Label,0)),0)))) | K10: =IF(B10="","",DATE(YEAR(B10),MONTH(B10),1)) | L10: =IF(OR(B10="",C10=""),"","RCV-"&TEXT(ROW()-5,"00000"))
D11: =IF(C11="","",IFERROR(INDEX(Eng_Item,MATCH(C11,Eng_Label,0)),"not in list")) | E11: =IF(C11="","",IFERROR(INDEX(Eng_Supplier,MATCH(C11,Eng_Label,0)),"")) | H11: =IF(F11="","",F11*IF(G11<>"",G11,N(IFERROR(INDEX(Eng_Cost,MATCH(C11,Eng_Label,0)),0)))) | K11: =IF(B11="","",DATE(YEAR(B11),MONTH(B11),1)) | L11: =IF(OR(B11="",C11=""),"","RCV-"&TEXT(ROW()-5,"00000"))
D12: =IF(C12="","",IFERROR(INDEX(Eng_Item,MATCH(C12,Eng_Label,0)),"not in list")) | E12: =IF(C12="","",IFERROR(INDEX(Eng_Supplier,MATCH(C12,Eng_Label,0)),"")) | H12: =IF(F12="","",F12*IF(G12<>"",G12,N(IFERROR(INDEX(Eng_Cost,MATCH(C12,Eng_Label,0)),0)))) | K12: =IF(B12="","",DATE(YEAR(B12),MONTH(B12),1)) | L12: =IF(OR(B12="",C12=""),"","RCV-"&TEXT(ROW()-5,"00000"))
D13: =IF(C13="","",IFERROR(INDEX(Eng_Item,MATCH(C13,Eng_Label,0)),"not in list")) | E13: =IF(C13="","",IFERROR(INDEX(Eng_Supplier,MATCH(C13,Eng_Label,0)),"")) | H13: =IF(F13="","",F13*IF(G13<>"",G13,N(IFERROR(INDEX(Eng_Cost,MATCH(C13,Eng_Label,0)),0)))) | K13: =IF(B13="","",DATE(YEAR(B13),MONTH(B13),1)) | L13: =IF(OR(B13="",C13=""),"","RCV-"&TEXT(ROW()-5,"00000"))
D14: =IF(C14="","",IFERROR(INDEX(Eng_Item,MATCH(C14,Eng_Label,0)),"not in list")) | E14: =IF(C14="","",IFERROR(INDEX(Eng_Supplier,MATCH(C14,Eng_Label,0)),"")) | H14: =IF(F14="","",F14*IF(G14<>"",G14,N(IFERROR(INDEX(Eng_Cost,MATCH(C14,Eng_Label,0)),0)))) | K14: =IF(B14="","",DATE(YEAR(B14),MONTH(B14),1)) | L14: =IF(OR(B14="",C14=""),"","RCV-"&TEXT(ROW()-5,"00000"))
D15: =IF(C15="","",IFERROR(INDEX(Eng_Item,MATCH(C15,Eng_Label,0)),"not in list")) | E15: =IF(C15="","",IFERROR(INDEX(Eng_Supplier,MATCH(C15,Eng_Label,0)),"")) | H15: =IF(F15="","",F15*IF(G15<>"",G15,N(IFERROR(INDEX(Eng_Cost,MATCH(C15,Eng_Label,0)),0)))) | K15: =IF(B15="","",DATE(YEAR(B15),MONTH(B15),1)) | L15: =IF(OR(B15="",C15=""),"","RCV-"&TEXT(ROW()-5,"00000"))
D16: =IF(C16="","",IFERROR(INDEX(Eng_Item,MATCH(C16,Eng_Label,0)),"not in list")) | E16: =IF(C16="","",IFERROR(INDEX(Eng_Supplier,MATCH(C16,Eng_Label,0)),"")) | H16: =IF(F16="","",F16*IF(G16<>"",G16,N(IFERROR(INDEX(Eng_Cost,MATCH(C16,Eng_Label,0)),0)))) | K16: =IF(B16="","",DATE(YEAR(B16),MONTH(B16),1)) | L16: =IF(OR(B16="",C16=""),"","RCV-"&TEXT(ROW()-5,"00000"))
D17: =IF(C17="","",IFERROR(INDEX(Eng_Item,MATCH(C17,Eng_Label,0)),"not in list")) | E17: =IF(C17="","",IFERROR(INDEX(Eng_Supplier,MATCH(C17,Eng_Label,0)),"")) | H17: =IF(F17="","",F17*IF(G17<>"",G17,N(IFERROR(INDEX(Eng_Cost,MATCH(C17,Eng_Label,0)),0)))) | K17: =IF(B17="","",DATE(YEAR(B17),MONTH(B17),1)) | L17: =IF(OR(B17="",C17=""),"","RCV-"&TEXT(ROW()-5,"00000"))
... D1505: =IF(C1505="","",IFERROR(INDEX(Eng_Item,MATCH(C1505,Eng_Label,0)),"not in list")) | E1505: =IF(C1505="","",IFERROR(INDEX(Eng_Supplier,MATCH(C1505,Eng_Label,0)),"")) | H1505: =IF(F1505="","",F1505*IF(G1505<>"",G1505,N(IFERROR(INDEX(Eng_Cost,MATCH(C1505,Eng_Label,0)),0)))) | K1505: =IF(B1505="","",DATE(YEAR(B1505),MONTH(B1505),1)) | L1505: =IF(OR(B1505="",C1505=""),"","RCV-"&TEXT(ROW()-5,"00000"))

Sheet Order List
B1: =cfg_Site&" Operations Hub · Inventory Management" | O1: =cfg_AsOf
B2: ⌂ HOME | C2: ⚙ CONTROL | D2: INVENTORY | E2: ✎ COUNT | F2: ✎ RECEIVE | G2: ORDERS | I2: ◧ INV. DASH | K2: PILOT ITEMS | L2: ✎ RESTOCK | M2: ✎ FEEDBACK | N2: ◧ PILOT DASH | P2: ✎ TASKS
B3: Auto-generated purchase list. Use the header filters (e.g. Order Flag = ORDER, Priority = URGENT). Order Qty = PAR − Current Stock, never negative. Nothing on this page is typed by hand.
B5: Category | C5: Item Name | D5: Item # | E5: Current Stock | F5: PAR Level | G5: Order Qty | H5: Status | I5: Order Month | J5: Need-By Date | K5: Priority | L5: Order Flag | M5: Supplier | N5: Unit Cost | O5: Est. Cost
B6: ='Inventory Master'!B6 | C6: ='Inventory Master'!C6 | D6: ='Inventory Master'!D6 | E6: ='Inventory Master'!H6 | F6: ='Inventory Master'!E6 | G6: =IF($C6="","",IF(L6="ORDER",'Inventory Master'!K6,0)) | H6: ='Inventory Master'!J6 | I6: =IF($C6="","",cfg_OrderMonth) | J6: =IF(OR($C6="",L6<>"ORDER"),"",IF(K6="URGENT",cfg_AsOf+cfg_Lead,MAX(cfg_OrderMonth,cfg_AsOf)+cfg_Lead)) | K6: =IF($C6="","",IF(H6="CRITICAL","URGENT",IF(H6="LOW","STANDARD",IF(AND(cfg_ReorderOK="Yes",H6="OK",N('Inventory Master'!K6)>0),"STANDARD","NONE")))) | L6: =IF($C6="","",IF(AND(K6<>"NONE",N('Inventory Master'!K6)>0),"ORDER","NO ORDER")) | M6: ='Inventory Master'!S6 | N6: ='Inventory Master'!T6 | O6: =IF(OR($C6="",N(G6)=0,N6=""),"",G6*N6)
B7: ='Inventory Master'!B7 | C7: ='Inventory Master'!C7 | D7: ='Inventory Master'!D7 | E7: ='Inventory Master'!H7 | F7: ='Inventory Master'!E7 | G7: =IF($C7="","",IF(L7="ORDER",'Inventory Master'!K7,0)) | H7: ='Inventory Master'!J7 | I7: =IF($C7="","",cfg_OrderMonth) | J7: =IF(OR($C7="",L7<>"ORDER"),"",IF(K7="URGENT",cfg_AsOf+cfg_Lead,MAX(cfg_OrderMonth,cfg_AsOf)+cfg_Lead)) | K7: =IF($C7="","",IF(H7="CRITICAL","URGENT",IF(H7="LOW","STANDARD",IF(AND(cfg_ReorderOK="Yes",H7="OK",N('Inventory Master'!K7)>0),"STANDARD","NONE")))) | L7: =IF($C7="","",IF(AND(K7<>"NONE",N('Inventory Master'!K7)>0),"ORDER","NO ORDER")) | M7: ='Inventory Master'!S7 | N7: ='Inventory Master'!T7 | O7: =IF(OR($C7="",N(G7)=0,N7=""),"",G7*N7)
B8: ='Inventory Master'!B8 | C8: ='Inventory Master'!C8 | D8: ='Inventory Master'!D8 | E8: ='Inventory Master'!H8 | F8: ='Inventory Master'!E8 | G8: =IF($C8="","",IF(L8="ORDER",'Inventory Master'!K8,0)) | H8: ='Inventory Master'!J8 | I8: =IF($C8="","",cfg_OrderMonth) | J8: =IF(OR($C8="",L8<>"ORDER"),"",IF(K8="URGENT",cfg_AsOf+cfg_Lead,MAX(cfg_OrderMonth,cfg_AsOf)+cfg_Lead)) | K8: =IF($C8="","",IF(H8="CRITICAL","URGENT",IF(H8="LOW","STANDARD",IF(AND(cfg_ReorderOK="Yes",H8="OK",N('Inventory Master'!K8)>0),"STANDARD","NONE")))) | L8: =IF($C8="","",IF(AND(K8<>"NONE",N('Inventory Master'!K8)>0),"ORDER","NO ORDER")) | M8: ='Inventory Master'!S8 | N8: ='Inventory Master'!T8 | O8: =IF(OR($C8="",N(G8)=0,N8=""),"",G8*N8)
B9: ='Inventory Master'!B9 | C9: ='Inventory Master'!C9 | D9: ='Inventory Master'!D9 | E9: ='Inventory Master'!H9 | F9: ='Inventory Master'!E9 | G9: =IF($C9="","",IF(L9="ORDER",'Inventory Master'!K9,0)) | H9: ='Inventory Master'!J9 | I9: =IF($C9="","",cfg_OrderMonth) | J9: =IF(OR($C9="",L9<>"ORDER"),"",IF(K9="URGENT",cfg_AsOf+cfg_Lead,MAX(cfg_OrderMonth,cfg_AsOf)+cfg_Lead)) | K9: =IF($C9="","",IF(H9="CRITICAL","URGENT",IF(H9="LOW","STANDARD",IF(AND(cfg_ReorderOK="Yes",H9="OK",N('Inventory Master'!K9)>0),"STANDARD","NONE")))) | L9: =IF($C9="","",IF(AND(K9<>"NONE",N('Inventory Master'!K9)>0),"ORDER","NO ORDER")) | M9: ='Inventory Master'!S9 | N9: ='Inventory Master'!T9 | O9: =IF(OR($C9="",N(G9)=0,N9=""),"",G9*N9)
B10: ='Inventory Master'!B10 | C10: ='Inventory Master'!C10 | D10: ='Inventory Master'!D10 | E10: ='Inventory Master'!H10 | F10: ='Inventory Master'!E10 | G10: =IF($C10="","",IF(L10="ORDER",'Inventory Master'!K10,0)) | H10: ='Inventory Master'!J10 | I10: =IF($C10="","",cfg_OrderMonth) | J10: =IF(OR($C10="",L10<>"ORDER"),"",IF(K10="URGENT",cfg_AsOf+cfg_Lead,MAX(cfg_OrderMonth,cfg_AsOf)+cfg_Lead)) | K10: =IF($C10="","",IF(H10="CRITICAL","URGENT",IF(H10="LOW","STANDARD",IF(AND(cfg_ReorderOK="Yes",H10="OK",N('Inventory Master'!K10)>0),"STANDARD","NONE")))) | L10: =IF($C10="","",IF(AND(K10<>"NONE",N('Inventory Master'!K10)>0),"ORDER","NO ORDER")) | M10: ='Inventory Master'!S10 | N10: ='Inventory Master'!T10 | O10: =IF(OR($C10="",N(G10)=0,N10=""),"",G10*N10)
B11: ='Inventory Master'!B11 | C11: ='Inventory Master'!C11 | D11: ='Inventory Master'!D11 | E11: ='Inventory Master'!H11 | F11: ='Inventory Master'!E11 | G11: =IF($C11="","",IF(L11="ORDER",'Inventory Master'!K11,0)) | H11: ='Inventory Master'!J11 | I11: =IF($C11="","",cfg_OrderMonth) | J11: =IF(OR($C11="",L11<>"ORDER"),"",IF(K11="URGENT",cfg_AsOf+cfg_Lead,MAX(cfg_OrderMonth,cfg_AsOf)+cfg_Lead)) | K11: =IF($C11="","",IF(H11="CRITICAL","URGENT",IF(H11="LOW","STANDARD",IF(AND(cfg_ReorderOK="Yes",H11="OK",N('Inventory Master'!K11)>0),"STANDARD","NONE")))) | L11: =IF($C11="","",IF(AND(K11<>"NONE",N('Inventory Master'!K11)>0),"ORDER","NO ORDER")) | M11: ='Inventory Master'!S11 | N11: ='Inventory Master'!T11 | O11: =IF(OR($C11="",N(G11)=0,N11=""),"",G11*N11)
B12: ='Inventory Master'!B12 | C12: ='Inventory Master'!C12 | D12: ='Inventory Master'!D12 | E12: ='Inventory Master'!H12 | F12: ='Inventory Master'!E12 | G12: =IF($C12="","",IF(L12="ORDER",'Inventory Master'!K12,0)) | H12: ='Inventory Master'!J12 | I12: =IF($C12="","",cfg_OrderMonth) | J12: =IF(OR($C12="",L12<>"ORDER"),"",IF(K12="URGENT",cfg_AsOf+cfg_Lead,MAX(cfg_OrderMonth,cfg_AsOf)+cfg_Lead)) | K12: =IF($C12="","",IF(H12="CRITICAL","URGENT",IF(H12="LOW","STANDARD",IF(AND(cfg_ReorderOK="Yes",H12="OK",N('Inventory Master'!K12)>0),"STANDARD","NONE")))) | L12: =IF($C12="","",IF(AND(K12<>"NONE",N('Inventory Master'!K12)>0),"ORDER","NO ORDER")) | M12: ='Inventory Master'!S12 | N12: ='Inventory Master'!T12 | O12: =IF(OR($C12="",N(G12)=0,N12=""),"",G12*N12)
B13: ='Inventory Master'!B13 | C13: ='Inventory Master'!C13 | D13: ='Inventory Master'!D13 | E13: ='Inventory Master'!H13 | F13: ='Inventory Master'!E13 | G13: =IF($C13="","",IF(L13="ORDER",'Inventory Master'!K13,0)) | H13: ='Inventory Master'!J13 | I13: =IF($C13="","",cfg_OrderMonth) | J13: =IF(OR($C13="",L13<>"ORDER"),"",IF(K13="URGENT",cfg_AsOf+cfg_Lead,MAX(cfg_OrderMonth,cfg_AsOf)+cfg_Lead)) | K13: =IF($C13="","",IF(H13="CRITICAL","URGENT",IF(H13="LOW","STANDARD",IF(AND(cfg_ReorderOK="Yes",H13="OK",N('Inventory Master'!K13)>0),"STANDARD","NONE")))) | L13: =IF($C13="","",IF(AND(K13<>"NONE",N('Inventory Master'!K13)>0),"ORDER","NO ORDER")) | M13: ='Inventory Master'!S13 | N13: ='Inventory Master'!T13 | O13: =IF(OR($C13="",N(G13)=0,N13=""),"",G13*N13)
B14: ='Inventory Master'!B14 | C14: ='Inventory Master'!C14 | D14: ='Inventory Master'!D14 | E14: ='Inventory Master'!H14 | F14: ='Inventory Master'!E14 | G14: =IF($C14="","",IF(L14="ORDER",'Inventory Master'!K14,0)) | H14: ='Inventory Master'!J14 | I14: =IF($C14="","",cfg_OrderMonth) | J14: =IF(OR($C14="",L14<>"ORDER"),"",IF(K14="URGENT",cfg_AsOf+cfg_Lead,MAX(cfg_OrderMonth,cfg_AsOf)+cfg_Lead)) | K14: =IF($C14="","",IF(H14="CRITICAL","URGENT",IF(H14="LOW","STANDARD",IF(AND(cfg_ReorderOK="Yes",H14="OK",N('Inventory Master'!K14)>0),"STANDARD","NONE")))) | L14: =IF($C14="","",IF(AND(K14<>"NONE",N('Inventory Master'!K14)>0),"ORDER","NO ORDER")) | M14: ='Inventory Master'!S14 | N14: ='Inventory Master'!T14 | O14: =IF(OR($C14="",N(G14)=0,N14=""),"",G14*N14)
B15: ='Inventory Master'!B15 | C15: ='Inventory Master'!C15 | D15: ='Inventory Master'!D15 | E15: ='Inventory Master'!H15 | F15: ='Inventory Master'!E15 | G15: =IF($C15="","",IF(L15="ORDER",'Inventory Master'!K15,0)) | H15: ='Inventory Master'!J15 | I15: =IF($C15="","",cfg_OrderMonth) | J15: =IF(OR($C15="",L15<>"ORDER"),"",IF(K15="URGENT",cfg_AsOf+cfg_Lead,MAX(cfg_OrderMonth,cfg_AsOf)+cfg_Lead)) | K15: =IF($C15="","",IF(H15="CRITICAL","URGENT",IF(H15="LOW","STANDARD",IF(AND(cfg_ReorderOK="Yes",H15="OK",N('Inventory Master'!K15)>0),"STANDARD","NONE")))) | L15: =IF($C15="","",IF(AND(K15<>"NONE",N('Inventory Master'!K15)>0),"ORDER","NO ORDER")) | M15: ='Inventory Master'!S15 | N15: ='Inventory Master'!T15 | O15: =IF(OR($C15="",N(G15)=0,N15=""),"",G15*N15)
B16: ='Inventory Master'!B16 | C16: ='Inventory Master'!C16 | D16: ='Inventory Master'!D16 | E16: ='Inventory Master'!H16 | F16: ='Inventory Master'!E16 | G16: =IF($C16="","",IF(L16="ORDER",'Inventory Master'!K16,0)) | H16: ='Inventory Master'!J16 | I16: =IF($C16="","",cfg_OrderMonth) | J16: =IF(OR($C16="",L16<>"ORDER"),"",IF(K16="URGENT",cfg_AsOf+cfg_Lead,MAX(cfg_OrderMonth,cfg_AsOf)+cfg_Lead)) | K16: =IF($C16="","",IF(H16="CRITICAL","URGENT",IF(H16="LOW","STANDARD",IF(AND(cfg_ReorderOK="Yes",H16="OK",N('Inventory Master'!K16)>0),"STANDARD","NONE")))) | L16: =IF($C16="","",IF(AND(K16<>"NONE",N('Inventory Master'!K16)>0),"ORDER","NO ORDER")) | M16: ='Inventory Master'!S16 | N16: ='Inventory Master'!T16 | O16: =IF(OR($C16="",N(G16)=0,N16=""),"",G16*N16)
B17: ='Inventory Master'!B17 | C17: ='Inventory Master'!C17 | D17: ='Inventory Master'!D17 | E17: ='Inventory Master'!H17 | F17: ='Inventory Master'!E17 | G17: =IF($C17="","",IF(L17="ORDER",'Inventory Master'!K17,0)) | H17: ='Inventory Master'!J17 | I17: =IF($C17="","",cfg_OrderMonth) | J17: =IF(OR($C17="",L17<>"ORDER"),"",IF(K17="URGENT",cfg_AsOf+cfg_Lead,MAX(cfg_OrderMonth,cfg_AsOf)+cfg_Lead)) | K17: =IF($C17="","",IF(H17="CRITICAL","URGENT",IF(H17="LOW","STANDARD",IF(AND(cfg_ReorderOK="Yes",H17="OK",N('Inventory Master'!K17)>0),"STANDARD","NONE")))) | L17: =IF($C17="","",IF(AND(K17<>"NONE",N('Inventory Master'!K17)>0),"ORDER","NO ORDER")) | M17: ='Inventory Master'!S17 | N17: ='Inventory Master'!T17 | O17: =IF(OR($C17="",N(G17)=0,N17=""),"",G17*N17)
... B305: ='Inventory Master'!B305 | C305: ='Inventory Master'!C305 | D305: ='Inventory Master'!D305 | E305: ='Inventory Master'!H305 | F305: ='Inventory Master'!E305 | G305: =IF($C305="","",IF(L305="ORDER",'Inventory Master'!K305,0)) | H305: ='Inventory Master'!J305 | I305: =IF($C305="","",cfg_OrderMonth) | J305: =IF(OR($C305="",L305<>"ORDER"),"",IF(K305="URGENT",cfg_AsOf+cfg_Lead,MAX(cfg_OrderMonth,cfg_AsOf)+cfg_Lead)) | K305: =IF($C305="","",IF(H305="CRITICAL","URGENT",IF(H305="LOW","STANDARD",IF(AND(cfg_ReorderOK="Yes",H305="OK",N('Inventory Master'!K305)>0),"STANDARD","NONE")))) | L305: =IF($C305="","",IF(AND(K305<>"NONE",N('Inventory Master'!K305)>0),"ORDER","NO ORDER")) | M305: ='Inventory Master'!S305 | N305: ='Inventory Master'!T305 | O305: =IF(OR($C305="",N(G305)=0,N305=""),"",G305*N305)

Sheet Inventory Dashboard
B1: =cfg_Site&" Operations Hub · Inventory Dashboard" | O1: =cfg_AsOf
B2: ⌂ HOME | D2: ⚙ CONTROL | E2: INVENTORY | F2: ✎ COUNT | H2: ✎ RECEIVE | I2: ORDERS | J2: ◧ INV. DASH | L2: PILOT ITEMS | M2: ✎ RESTOCK | N2: ✎ FEEDBACK | P2: ◧ PILOT DASH | Q2: ✎ TASKS
B3: Live inventory health. Updates the moment a count is logged or a threshold changes on the Control Panel.
B5: TOTAL ITEMS | F5: OK ITEMS | J5: LOW ITEMS | N5: CRITICAL ITEMS
B6: =SUMPRODUCT(--(MS_Name<>"")) | F6: =COUNTIF(MS_Status,"OK") | J6: =COUNTIF(MS_Status,"LOW") | N6: =COUNTIF(MS_Status,"CRITICAL")
B7: =COUNTIF(MS_Status,"NO COUNT")&" not counted yet" | F7: ="Above "&FIXED(cfg_Low*100,0)&"% of PAR" | J7: ="≤ "&FIXED(cfg_Low*100,0)&"% of PAR" | N7: ="≤ "&FIXED(cfg_Crit*100,0)&"% of PAR"
B9: UNITS TO ORDER | F9: ITEMS TO ORDER | J9: LAST COUNT DATE | N9: STOCK HEALTH
B10: =SUM(OL_Qty) | F10: =COUNTIF(OL_Flag,"ORDER") | J10: =IF(MAX(CL_Date)=0,"No counts",MAX(CL_Date)) | N10: =IF((COUNTIF(MS_Status,"OK")+COUNTIF(MS_Status,"LOW")+COUNTIF(MS_Status,"CRITICAL"))=0,"—",COUNTIF(MS_Status,"OK")/(COUNTIF(MS_Status,"OK")+COUNTIF(MS_Status,"LOW")+COUNTIF(MS_Status,"CRITICAL")))
B11: =IF(SUM(OL_Cost)>0,"≈ $"&FIXED(SUM(OL_Cost),2)&" estimated","Add unit costs to see spend") | F11: =COUNTIF(OL_Priority,"URGENT")&" urgent" | J11: =IF(MAX(CL_Date)=0,"Log a count to start",(cfg_AsOf-MAX(CL_Date))&" days ago") | N11: ="Share of counted items at OK"
B13: STATUS MIX | I13: ORDER UNITS BY CATEGORY (top 10)
B32: STATUS MIX — DATA | I32: ORDER UNITS BY CATEGORY — DATA
B33: Status | C33: Items | E33: Share | I33: # | J33: Category | N33: Order Units | P33: Items to Order
B34: OK | C34: =COUNTIF(MS_Status,B34) | E34: =IF(SUM($C$34:$C$37)=0,"",C34/SUM($C$34:$C$37)) | I34: 1 | J34: =IF(LARGE(Cat_Score,I34)<0,"",INDEX(Cat_Name,MATCH(LARGE(Cat_Score,I34),Cat_Score,0))) | N34: =IF(J34="","",INDEX(Cat_Units,MATCH(LARGE(Cat_Score,I34),Cat_Score,0))) | P34: =IF(J34="","",INDEX('_Engine'!$Q$2:$Q$41,MATCH(LARGE(Cat_Score,I34),Cat_Score,0)))
B35: LOW | C35: =COUNTIF(MS_Status,B35) | E35: =IF(SUM($C$34:$C$37)=0,"",C35/SUM($C$34:$C$37)) | I35: 2 | J35: =IF(LARGE(Cat_Score,I35)<0,"",INDEX(Cat_Name,MATCH(LARGE(Cat_Score,I35),Cat_Score,0))) | N35: =IF(J35="","",INDEX(Cat_Units,MATCH(LARGE(Cat_Score,I35),Cat_Score,0))) | P35: =IF(J35="","",INDEX('_Engine'!$Q$2:$Q$41,MATCH(LARGE(Cat_Score,I35),Cat_Score,0)))
B36: CRITICAL | C36: =COUNTIF(MS_Status,B36) | E36: =IF(SUM($C$34:$C$37)=0,"",C36/SUM($C$34:$C$37)) | I36: 3 | J36: =IF(LARGE(Cat_Score,I36)<0,"",INDEX(Cat_Name,MATCH(LARGE(Cat_Score,I36),Cat_Score,0))) | N36: =IF(J36="","",INDEX(Cat_Units,MATCH(LARGE(Cat_Score,I36),Cat_Score,0))) | P36: =IF(J36="","",INDEX('_Engine'!$Q$2:$Q$41,MATCH(LARGE(Cat_Score,I36),Cat_Score,0)))
B37: NO COUNT | C37: =COUNTIF(MS_Status,B37) | E37: =IF(SUM($C$34:$C$37)=0,"",C37/SUM($C$34:$C$37)) | I37: 4 | J37: =IF(LARGE(Cat_Score,I37)<0,"",INDEX(Cat_Name,MATCH(LARGE(Cat_Score,I37),Cat_Score,0))) | N37: =IF(J37="","",INDEX(Cat_Units,MATCH(LARGE(Cat_Score,I37),Cat_Score,0))) | P37: =IF(J37="","",INDEX('_Engine'!$Q$2:$Q$41,MATCH(LARGE(Cat_Score,I37),Cat_Score,0)))
I38: 5 | J38: =IF(LARGE(Cat_Score,I38)<0,"",INDEX(Cat_Name,MATCH(LARGE(Cat_Score,I38),Cat_Score,0))) | N38: =IF(J38="","",INDEX(Cat_Units,MATCH(LARGE(Cat_Score,I38),Cat_Score,0))) | P38: =IF(J38="","",INDEX('_Engine'!$Q$2:$Q$41,MATCH(LARGE(Cat_Score,I38),Cat_Score,0)))
I39: 6 | J39: =IF(LARGE(Cat_Score,I39)<0,"",INDEX(Cat_Name,MATCH(LARGE(Cat_Score,I39),Cat_Score,0))) | N39: =IF(J39="","",INDEX(Cat_Units,MATCH(LARGE(Cat_Score,I39),Cat_Score,0))) | P39: =IF(J39="","",INDEX('_Engine'!$Q$2:$Q$41,MATCH(LARGE(Cat_Score,I39),Cat_Score,0)))
I40: 7 | J40: =IF(LARGE(Cat_Score,I40)<0,"",INDEX(Cat_Name,MATCH(LARGE(Cat_Score,I40),Cat_Score,0))) | N40: =IF(J40="","",INDEX(Cat_Units,MATCH(LARGE(Cat_Score,I40),Cat_Score,0))) | P40: =IF(J40="","",INDEX('_Engine'!$Q$2:$Q$41,MATCH(LARGE(Cat_Score,I40),Cat_Score,0)))
I41: 8 | J41: =IF(LARGE(Cat_Score,I41)<0,"",INDEX(Cat_Name,MATCH(LARGE(Cat_Score,I41),Cat_Score,0))) | N41: =IF(J41="","",INDEX(Cat_Units,MATCH(LARGE(Cat_Score,I41),Cat_Score,0))) | P41: =IF(J41="","",INDEX('_Engine'!$Q$2:$Q$41,MATCH(LARGE(Cat_Score,I41),Cat_Score,0)))
I42: 9 | J42: =IF(LARGE(Cat_Score,I42)<0,"",INDEX(Cat_Name,MATCH(LARGE(Cat_Score,I42),Cat_Score,0))) | N42: =IF(J42="","",INDEX(Cat_Units,MATCH(LARGE(Cat_Score,I42),Cat_Score,0))) | P42: =IF(J42="","",INDEX('_Engine'!$Q$2:$Q$41,MATCH(LARGE(Cat_Score,I42),Cat_Score,0)))
I43: 10 | J43: =IF(LARGE(Cat_Score,I43)<0,"",INDEX(Cat_Name,MATCH(LARGE(Cat_Score,I43),Cat_Score,0))) | N43: =IF(J43="","",INDEX(Cat_Units,MATCH(LARGE(Cat_Score,I43),Cat_Score,0))) | P43: =IF(J43="","",INDEX('_Engine'!$Q$2:$Q$41,MATCH(LARGE(Cat_Score,I43),Cat_Score,0)))
B46: CRITICAL & LOW WATCHLIST (lowest stock % first)
B47: # | C47: Item | G47: Category | J47: Stock % | L47: On Hand | N47: Order Qty | P47: Status
B48: 1 | C48: =IF(COUNT(Eng_Watch)>=B48,INDEX(Eng_Label,MATCH(SMALL(Eng_Watch,B48),Eng_Watch,0)),"") | G48: =IF(COUNT(Eng_Watch)>=B48,INDEX(MS_Cat,MATCH(SMALL(Eng_Watch,B48),Eng_Watch,0)),"") | J48: =IF(COUNT(Eng_Watch)>=B48,INDEX(MS_Pct,MATCH(SMALL(Eng_Watch,B48),Eng_Watch,0)),"") | L48: =IF(COUNT(Eng_Watch)>=B48,INDEX(MS_Stock,MATCH(SMALL(Eng_Watch,B48),Eng_Watch,0)),"") | N48: =IF(COUNT(Eng_Watch)>=B48,INDEX(MS_Sugg,MATCH(SMALL(Eng_Watch,B48),Eng_Watch,0)),"") | P48: =IF(COUNT(Eng_Watch)>=B48,INDEX(MS_Status,MATCH(SMALL(Eng_Watch,B48),Eng_Watch,0)),"")
B49: 2 | C49: =IF(COUNT(Eng_Watch)>=B49,INDEX(Eng_Label,MATCH(SMALL(Eng_Watch,B49),Eng_Watch,0)),"") | G49: =IF(COUNT(Eng_Watch)>=B49,INDEX(MS_Cat,MATCH(SMALL(Eng_Watch,B49),Eng_Watch,0)),"") | J49: =IF(COUNT(Eng_Watch)>=B49,INDEX(MS_Pct,MATCH(SMALL(Eng_Watch,B49),Eng_Watch,0)),"") | L49: =IF(COUNT(Eng_Watch)>=B49,INDEX(MS_Stock,MATCH(SMALL(Eng_Watch,B49),Eng_Watch,0)),"") | N49: =IF(COUNT(Eng_Watch)>=B49,INDEX(MS_Sugg,MATCH(SMALL(Eng_Watch,B49),Eng_Watch,0)),"") | P49: =IF(COUNT(Eng_Watch)>=B49,INDEX(MS_Status,MATCH(SMALL(Eng_Watch,B49),Eng_Watch,0)),"")
B50: 3 | C50: =IF(COUNT(Eng_Watch)>=B50,INDEX(Eng_Label,MATCH(SMALL(Eng_Watch,B50),Eng_Watch,0)),"") | G50: =IF(COUNT(Eng_Watch)>=B50,INDEX(MS_Cat,MATCH(SMALL(Eng_Watch,B50),Eng_Watch,0)),"") | J50: =IF(COUNT(Eng_Watch)>=B50,INDEX(MS_Pct,MATCH(SMALL(Eng_Watch,B50),Eng_Watch,0)),"") | L50: =IF(COUNT(Eng_Watch)>=B50,INDEX(MS_Stock,MATCH(SMALL(Eng_Watch,B50),Eng_Watch,0)),"") | N50: =IF(COUNT(Eng_Watch)>=B50,INDEX(MS_Sugg,MATCH(SMALL(Eng_Watch,B50),Eng_Watch,0)),"") | P50: =IF(COUNT(Eng_Watch)>=B50,INDEX(MS_Status,MATCH(SMALL(Eng_Watch,B50),Eng_Watch,0)),"")
B51: 4 | C51: =IF(COUNT(Eng_Watch)>=B51,INDEX(Eng_Label,MATCH(SMALL(Eng_Watch,B51),Eng_Watch,0)),"") | G51: =IF(COUNT(Eng_Watch)>=B51,INDEX(MS_Cat,MATCH(SMALL(Eng_Watch,B51),Eng_Watch,0)),"") | J51: =IF(COUNT(Eng_Watch)>=B51,INDEX(MS_Pct,MATCH(SMALL(Eng_Watch,B51),Eng_Watch,0)),"") | L51: =IF(COUNT(Eng_Watch)>=B51,INDEX(MS_Stock,MATCH(SMALL(Eng_Watch,B51),Eng_Watch,0)),"") | N51: =IF(COUNT(Eng_Watch)>=B51,INDEX(MS_Sugg,MATCH(SMALL(Eng_Watch,B51),Eng_Watch,0)),"") | P51: =IF(COUNT(Eng_Watch)>=B51,INDEX(MS_Status,MATCH(SMALL(Eng_Watch,B51),Eng_Watch,0)),"")
B52: 5 | C52: =IF(COUNT(Eng_Watch)>=B52,INDEX(Eng_Label,MATCH(SMALL(Eng_Watch,B52),Eng_Watch,0)),"") | G52: =IF(COUNT(Eng_Watch)>=B52,INDEX(MS_Cat,MATCH(SMALL(Eng_Watch,B52),Eng_Watch,0)),"") | J52: =IF(COUNT(Eng_Watch)>=B52,INDEX(MS_Pct,MATCH(SMALL(Eng_Watch,B52),Eng_Watch,0)),"") | L52: =IF(COUNT(Eng_Watch)>=B52,INDEX(MS_Stock,MATCH(SMALL(Eng_Watch,B52),Eng_Watch,0)),"") | N52: =IF(COUNT(Eng_Watch)>=B52,INDEX(MS_Sugg,MATCH(SMALL(Eng_Watch,B52),Eng_Watch,0)),"") | P52: =IF(COUNT(Eng_Watch)>=B52,INDEX(MS_Status,MATCH(SMALL(Eng_Watch,B52),Eng_Watch,0)),"")
B53: 6 | C53: =IF(COUNT(Eng_Watch)>=B53,INDEX(Eng_Label,MATCH(SMALL(Eng_Watch,B53),Eng_Watch,0)),"") | G53: =IF(COUNT(Eng_Watch)>=B53,INDEX(MS_Cat,MATCH(SMALL(Eng_Watch,B53),Eng_Watch,0)),"") | J53: =IF(COUNT(Eng_Watch)>=B53,INDEX(MS_Pct,MATCH(SMALL(Eng_Watch,B53),Eng_Watch,0)),"") | L53: =IF(COUNT(Eng_Watch)>=B53,INDEX(MS_Stock,MATCH(SMALL(Eng_Watch,B53),Eng_Watch,0)),"") | N53: =IF(COUNT(Eng_Watch)>=B53,INDEX(MS_Sugg,MATCH(SMALL(Eng_Watch,B53),Eng_Watch,0)),"") | P53: =IF(COUNT(Eng_Watch)>=B53,INDEX(MS_Status,MATCH(SMALL(Eng_Watch,B53),Eng_Watch,0)),"")
B54: 7 | C54: =IF(COUNT(Eng_Watch)>=B54,INDEX(Eng_Label,MATCH(SMALL(Eng_Watch,B54),Eng_Watch,0)),"") | G54: =IF(COUNT(Eng_Watch)>=B54,INDEX(MS_Cat,MATCH(SMALL(Eng_Watch,B54),Eng_Watch,0)),"") | J54: =IF(COUNT(Eng_Watch)>=B54,INDEX(MS_Pct,MATCH(SMALL(Eng_Watch,B54),Eng_Watch,0)),"") | L54: =IF(COUNT(Eng_Watch)>=B54,INDEX(MS_Stock,MATCH(SMALL(Eng_Watch,B54),Eng_Watch,0)),"") | N54: =IF(COUNT(Eng_Watch)>=B54,INDEX(MS_Sugg,MATCH(SMALL(Eng_Watch,B54),Eng_Watch,0)),"") | P54: =IF(COUNT(Eng_Watch)>=B54,INDEX(MS_Status,MATCH(SMALL(Eng_Watch,B54),Eng_Watch,0)),"")
B55: 8 | C55: =IF(COUNT(Eng_Watch)>=B55,INDEX(Eng_Label,MATCH(SMALL(Eng_Watch,B55),Eng_Watch,0)),"") | G55: =IF(COUNT(Eng_Watch)>=B55,INDEX(MS_Cat,MATCH(SMALL(Eng_Watch,B55),Eng_Watch,0)),"") | J55: =IF(COUNT(Eng_Watch)>=B55,INDEX(MS_Pct,MATCH(SMALL(Eng_Watch,B55),Eng_Watch,0)),"") | L55: =IF(COUNT(Eng_Watch)>=B55,INDEX(MS_Stock,MATCH(SMALL(Eng_Watch,B55),Eng_Watch,0)),"") | N55: =IF(COUNT(Eng_Watch)>=B55,INDEX(MS_Sugg,MATCH(SMALL(Eng_Watch,B55),Eng_Watch,0)),"") | P55: =IF(COUNT(Eng_Watch)>=B55,INDEX(MS_Status,MATCH(SMALL(Eng_Watch,B55),Eng_Watch,0)),"")
B56: 9 | C56: =IF(COUNT(Eng_Watch)>=B56,INDEX(Eng_Label,MATCH(SMALL(Eng_Watch,B56),Eng_Watch,0)),"") | G56: =IF(COUNT(Eng_Watch)>=B56,INDEX(MS_Cat,MATCH(SMALL(Eng_Watch,B56),Eng_Watch,0)),"") | J56: =IF(COUNT(Eng_Watch)>=B56,INDEX(MS_Pct,MATCH(SMALL(Eng_Watch,B56),Eng_Watch,0)),"") | L56: =IF(COUNT(Eng_Watch)>=B56,INDEX(MS_Stock,MATCH(SMALL(Eng_Watch,B56),Eng_Watch,0)),"") | N56: =IF(COUNT(Eng_Watch)>=B56,INDEX(MS_Sugg,MATCH(SMALL(Eng_Watch,B56),Eng_Watch,0)),"") | P56: =IF(COUNT(Eng_Watch)>=B56,INDEX(MS_Status,MATCH(SMALL(Eng_Watch,B56),Eng_Watch,0)),"")
B57: 10 | C57: =IF(COUNT(Eng_Watch)>=B57,INDEX(Eng_Label,MATCH(SMALL(Eng_Watch,B57),Eng_Watch,0)),"") | G57: =IF(COUNT(Eng_Watch)>=B57,INDEX(MS_Cat,MATCH(SMALL(Eng_Watch,B57),Eng_Watch,0)),"") | J57: =IF(COUNT(Eng_Watch)>=B57,INDEX(MS_Pct,MATCH(SMALL(Eng_Watch,B57),Eng_Watch,0)),"") | L57: =IF(COUNT(Eng_Watch)>=B57,INDEX(MS_Stock,MATCH(SMALL(Eng_Watch,B57),Eng_Watch,0)),"") | N57: =IF(COUNT(Eng_Watch)>=B57,INDEX(MS_Sugg,MATCH(SMALL(Eng_Watch,B57),Eng_Watch,0)),"") | P57: =IF(COUNT(Eng_Watch)>=B57,INDEX(MS_Status,MATCH(SMALL(Eng_Watch,B57),Eng_Watch,0)),"")
B58: No item is LOW or CRITICAL when this list is empty.
B60: ="EXPIRATION WATCH (soonest first) · "&COUNTIF(MS_ExpStatus,"EXPIRED")&" expired · "&COUNTIF(MS_ExpStatus,"EXPIRING")&" expiring within "&cfg_ExpiryWarn&" days"
B61: # | C61: Item | G61: Category | J61: Expiration | L61: Days Left | N61: On Hand | P61: Expiry Status
B62: 1 | C62: =IF(COUNT(Eng_Expiry)>=B62,INDEX(Eng_Label,MATCH(SMALL(Eng_Expiry,B62),Eng_Expiry,0)),"") | G62: =IF(COUNT(Eng_Expiry)>=B62,INDEX(MS_Cat,MATCH(SMALL(Eng_Expiry,B62),Eng_Expiry,0)),"") | J62: =IF(COUNT(Eng_Expiry)>=B62,INDEX(MS_Exp,MATCH(SMALL(Eng_Expiry,B62),Eng_Expiry,0)),"") | L62: =IF(COUNT(Eng_Expiry)>=B62,INDEX(MS_ExpDays,MATCH(SMALL(Eng_Expiry,B62),Eng_Expiry,0)),"") | N62: =IF(COUNT(Eng_Expiry)>=B62,INDEX(MS_Stock,MATCH(SMALL(Eng_Expiry,B62),Eng_Expiry,0)),"") | P62: =IF(COUNT(Eng_Expiry)>=B62,INDEX(MS_ExpStatus,MATCH(SMALL(Eng_Expiry,B62),Eng_Expiry,0)),"")
B63: 2 | C63: =IF(COUNT(Eng_Expiry)>=B63,INDEX(Eng_Label,MATCH(SMALL(Eng_Expiry,B63),Eng_Expiry,0)),"") | G63: =IF(COUNT(Eng_Expiry)>=B63,INDEX(MS_Cat,MATCH(SMALL(Eng_Expiry,B63),Eng_Expiry,0)),"") | J63: =IF(COUNT(Eng_Expiry)>=B63,INDEX(MS_Exp,MATCH(SMALL(Eng_Expiry,B63),Eng_Expiry,0)),"") | L63: =IF(COUNT(Eng_Expiry)>=B63,INDEX(MS_ExpDays,MATCH(SMALL(Eng_Expiry,B63),Eng_Expiry,0)),"") | N63: =IF(COUNT(Eng_Expiry)>=B63,INDEX(MS_Stock,MATCH(SMALL(Eng_Expiry,B63),Eng_Expiry,0)),"") | P63: =IF(COUNT(Eng_Expiry)>=B63,INDEX(MS_ExpStatus,MATCH(SMALL(Eng_Expiry,B63),Eng_Expiry,0)),"")
B64: 3 | C64: =IF(COUNT(Eng_Expiry)>=B64,INDEX(Eng_Label,MATCH(SMALL(Eng_Expiry,B64),Eng_Expiry,0)),"") | G64: =IF(COUNT(Eng_Expiry)>=B64,INDEX(MS_Cat,MATCH(SMALL(Eng_Expiry,B64),Eng_Expiry,0)),"") | J64: =IF(COUNT(Eng_Expiry)>=B64,INDEX(MS_Exp,MATCH(SMALL(Eng_Expiry,B64),Eng_Expiry,0)),"") | L64: =IF(COUNT(Eng_Expiry)>=B64,INDEX(MS_ExpDays,MATCH(SMALL(Eng_Expiry,B64),Eng_Expiry,0)),"") | N64: =IF(COUNT(Eng_Expiry)>=B64,INDEX(MS_Stock,MATCH(SMALL(Eng_Expiry,B64),Eng_Expiry,0)),"") | P64: =IF(COUNT(Eng_Expiry)>=B64,INDEX(MS_ExpStatus,MATCH(SMALL(Eng_Expiry,B64),Eng_Expiry,0)),"")
B65: 4 | C65: =IF(COUNT(Eng_Expiry)>=B65,INDEX(Eng_Label,MATCH(SMALL(Eng_Expiry,B65),Eng_Expiry,0)),"") | G65: =IF(COUNT(Eng_Expiry)>=B65,INDEX(MS_Cat,MATCH(SMALL(Eng_Expiry,B65),Eng_Expiry,0)),"") | J65: =IF(COUNT(Eng_Expiry)>=B65,INDEX(MS_Exp,MATCH(SMALL(Eng_Expiry,B65),Eng_Expiry,0)),"") | L65: =IF(COUNT(Eng_Expiry)>=B65,INDEX(MS_ExpDays,MATCH(SMALL(Eng_Expiry,B65),Eng_Expiry,0)),"") | N65: =IF(COUNT(Eng_Expiry)>=B65,INDEX(MS_Stock,MATCH(SMALL(Eng_Expiry,B65),Eng_Expiry,0)),"") | P65: =IF(COUNT(Eng_Expiry)>=B65,INDEX(MS_ExpStatus,MATCH(SMALL(Eng_Expiry,B65),Eng_Expiry,0)),"")
B66: 5 | C66: =IF(COUNT(Eng_Expiry)>=B66,INDEX(Eng_Label,MATCH(SMALL(Eng_Expiry,B66),Eng_Expiry,0)),"") | G66: =IF(COUNT(Eng_Expiry)>=B66,INDEX(MS_Cat,MATCH(SMALL(Eng_Expiry,B66),Eng_Expiry,0)),"") | J66: =IF(COUNT(Eng_Expiry)>=B66,INDEX(MS_Exp,MATCH(SMALL(Eng_Expiry,B66),Eng_Expiry,0)),"") | L66: =IF(COUNT(Eng_Expiry)>=B66,INDEX(MS_ExpDays,MATCH(SMALL(Eng_Expiry,B66),Eng_Expiry,0)),"") | N66: =IF(COUNT(Eng_Expiry)>=B66,INDEX(MS_Stock,MATCH(SMALL(Eng_Expiry,B66),Eng_Expiry,0)),"") | P66: =IF(COUNT(Eng_Expiry)>=B66,INDEX(MS_ExpStatus,MATCH(SMALL(Eng_Expiry,B66),Eng_Expiry,0)),"")
B67: 6 | C67: =IF(COUNT(Eng_Expiry)>=B67,INDEX(Eng_Label,MATCH(SMALL(Eng_Expiry,B67),Eng_Expiry,0)),"") | G67: =IF(COUNT(Eng_Expiry)>=B67,INDEX(MS_Cat,MATCH(SMALL(Eng_Expiry,B67),Eng_Expiry,0)),"") | J67: =IF(COUNT(Eng_Expiry)>=B67,INDEX(MS_Exp,MATCH(SMALL(Eng_Expiry,B67),Eng_Expiry,0)),"") | L67: =IF(COUNT(Eng_Expiry)>=B67,INDEX(MS_ExpDays,MATCH(SMALL(Eng_Expiry,B67),Eng_Expiry,0)),"") | N67: =IF(COUNT(Eng_Expiry)>=B67,INDEX(MS_Stock,MATCH(SMALL(Eng_Expiry,B67),Eng_Expiry,0)),"") | P67: =IF(COUNT(Eng_Expiry)>=B67,INDEX(MS_ExpStatus,MATCH(SMALL(Eng_Expiry,B67),Eng_Expiry,0)),"")
B68: 7 | C68: =IF(COUNT(Eng_Expiry)>=B68,INDEX(Eng_Label,MATCH(SMALL(Eng_Expiry,B68),Eng_Expiry,0)),"") | G68: =IF(COUNT(Eng_Expiry)>=B68,INDEX(MS_Cat,MATCH(SMALL(Eng_Expiry,B68),Eng_Expiry,0)),"") | J68: =IF(COUNT(Eng_Expiry)>=B68,INDEX(MS_Exp,MATCH(SMALL(Eng_Expiry,B68),Eng_Expiry,0)),"") | L68: =IF(COUNT(Eng_Expiry)>=B68,INDEX(MS_ExpDays,MATCH(SMALL(Eng_Expiry,B68),Eng_Expiry,0)),"") | N68: =IF(COUNT(Eng_Expiry)>=B68,INDEX(MS_Stock,MATCH(SMALL(Eng_Expiry,B68),Eng_Expiry,0)),"") | P68: =IF(COUNT(Eng_Expiry)>=B68,INDEX(MS_ExpStatus,MATCH(SMALL(Eng_Expiry,B68),Eng_Expiry,0)),"")
B69: 8 | C69: =IF(COUNT(Eng_Expiry)>=B69,INDEX(Eng_Label,MATCH(SMALL(Eng_Expiry,B69),Eng_Expiry,0)),"") | G69: =IF(COUNT(Eng_Expiry)>=B69,INDEX(MS_Cat,MATCH(SMALL(Eng_Expiry,B69),Eng_Expiry,0)),"") | J69: =IF(COUNT(Eng_Expiry)>=B69,INDEX(MS_Exp,MATCH(SMALL(Eng_Expiry,B69),Eng_Expiry,0)),"") | L69: =IF(COUNT(Eng_Expiry)>=B69,INDEX(MS_ExpDays,MATCH(SMALL(Eng_Expiry,B69),Eng_Expiry,0)),"") | N69: =IF(COUNT(Eng_Expiry)>=B69,INDEX(MS_Stock,MATCH(SMALL(Eng_Expiry,B69),Eng_Expiry,0)),"") | P69: =IF(COUNT(Eng_Expiry)>=B69,INDEX(MS_ExpStatus,MATCH(SMALL(Eng_Expiry,B69),Eng_Expiry,0)),"")
B70: 9 | C70: =IF(COUNT(Eng_Expiry)>=B70,INDEX(Eng_Label,MATCH(SMALL(Eng_Expiry,B70),Eng_Expiry,0)),"") | G70: =IF(COUNT(Eng_Expiry)>=B70,INDEX(MS_Cat,MATCH(SMALL(Eng_Expiry,B70),Eng_Expiry,0)),"") | J70: =IF(COUNT(Eng_Expiry)>=B70,INDEX(MS_Exp,MATCH(SMALL(Eng_Expiry,B70),Eng_Expiry,0)),"") | L70: =IF(COUNT(Eng_Expiry)>=B70,INDEX(MS_ExpDays,MATCH(SMALL(Eng_Expiry,B70),Eng_Expiry,0)),"") | N70: =IF(COUNT(Eng_Expiry)>=B70,INDEX(MS_Stock,MATCH(SMALL(Eng_Expiry,B70),Eng_Expiry,0)),"") | P70: =IF(COUNT(Eng_Expiry)>=B70,INDEX(MS_ExpStatus,MATCH(SMALL(Eng_Expiry,B70),Eng_Expiry,0)),"")
B71: 10 | C71: =IF(COUNT(Eng_Expiry)>=B71,INDEX(Eng_Label,MATCH(SMALL(Eng_Expiry,B71),Eng_Expiry,0)),"") | G71: =IF(COUNT(Eng_Expiry)>=B71,INDEX(MS_Cat,MATCH(SMALL(Eng_Expiry,B71),Eng_Expiry,0)),"") | J71: =IF(COUNT(Eng_Expiry)>=B71,INDEX(MS_Exp,MATCH(SMALL(Eng_Expiry,B71),Eng_Expiry,0)),"") | L71: =IF(COUNT(Eng_Expiry)>=B71,INDEX(MS_ExpDays,MATCH(SMALL(Eng_Expiry,B71),Eng_Expiry,0)),"") | N71: =IF(COUNT(Eng_Expiry)>=B71,INDEX(MS_Stock,MATCH(SMALL(Eng_Expiry,B71),Eng_Expiry,0)),"") | P71: =IF(COUNT(Eng_Expiry)>=B71,INDEX(MS_ExpStatus,MATCH(SMALL(Eng_Expiry,B71),Eng_Expiry,0)),"")
B72: Negative days = already expired. Items marked N/A or Not Available in the source have no date and are not listed.

Sheet Pilot Products
B1: =cfg_Site&" Operations Hub · Pantry Pilot" | Q1: =cfg_AsOf
B2: ⌂ HOME | C2: ⚙ CONTROL | D2: INVENTORY | E2: ✎ COUNT | G2: ✎ RECEIVE | H2: ORDERS | J2: ◧ INV. DASH | K2: PILOT ITEMS | M2: ✎ RESTOCK | O2: ✎ FEEDBACK | P2: ◧ PILOT DASH | R2: ✎ TASKS
B3: Pantry products — every Source item whose category is mapped to Snack or Beverage on the Control Panel (or overridden on Source Data). Start qty = first placement; target refill = PAR. All columns are calculated.
B5: Product | C5: Item # | D5: Category | E5: Type | F5: Pilot Start Qty | G5: Target Refill Qty | H5: Active Flag | I5: Pilot Start | J5: Pilot End | K5: First Placed | L5: Days Active | M5: Refill Events | N5: Total Units Placed | O5: Avg Qty per Refill | P5: Avg Days Between Refills | Q5: Last Refill | R5: Units per Active Day
B6: ='_Engine'!U2 | C6: =IF($B6="","",INDEX(Eng_Item,'_Engine'!T2)) | D6: =IF($B6="","",INDEX(Eng_Cat,'_Engine'!T2)) | E6: ='_Engine'!V2 | F6: =IF(OR($B6="",M6=0),"",INDEX(RL_After,MATCH($B6&"|1",RL_Key,0))) | G6: =IF($B6="","",INDEX(Eng_PAR,'_Engine'!T2)) | H6: =IF($B6="","",IF(M6=0,"NOT PLACED",IF(cfg_AsOf>cfg_PilotEnd,"ENDED","ACTIVE"))) | I6: =IF($B6="","",cfg_PilotStart) | J6: =IF($B6="","",cfg_PilotEnd) | K6: =IF(OR($B6="",M6=0),"",INDEX(RL_Date,MATCH($B6&"|1",RL_Key,0))) | L6: =IF(K6="","",MAX(0,MIN(cfg_AsOf,cfg_PilotEnd)-K6+1)) | M6: =IF($B6="","",COUNTIFS(RL_Prod,$B6,RL_Added,"<>")) | N6: =IF($B6="","",SUMIFS(RL_Added,RL_Prod,$B6)) | O6: =IF(OR($B6="",M6=0),"",N6/M6) | P6: =IF($B6="","",IFERROR(AVERAGEIFS(RL_Days,RL_Prod,$B6),"")) | Q6: =IF(OR($B6="",M6=0),"",INDEX(RL_TS,MATCH($B6&"|"&M6,RL_Key,0))) | R6: =IF(OR(L6="",N(L6)=0),"",N6/L6)
B7: ='_Engine'!U3 | C7: =IF($B7="","",INDEX(Eng_Item,'_Engine'!T3)) | D7: =IF($B7="","",INDEX(Eng_Cat,'_Engine'!T3)) | E7: ='_Engine'!V3 | F7: =IF(OR($B7="",M7=0),"",INDEX(RL_After,MATCH($B7&"|1",RL_Key,0))) | G7: =IF($B7="","",INDEX(Eng_PAR,'_Engine'!T3)) | H7: =IF($B7="","",IF(M7=0,"NOT PLACED",IF(cfg_AsOf>cfg_PilotEnd,"ENDED","ACTIVE"))) | I7: =IF($B7="","",cfg_PilotStart) | J7: =IF($B7="","",cfg_PilotEnd) | K7: =IF(OR($B7="",M7=0),"",INDEX(RL_Date,MATCH($B7&"|1",RL_Key,0))) | L7: =IF(K7="","",MAX(0,MIN(cfg_AsOf,cfg_PilotEnd)-K7+1)) | M7: =IF($B7="","",COUNTIFS(RL_Prod,$B7,RL_Added,"<>")) | N7: =IF($B7="","",SUMIFS(RL_Added,RL_Prod,$B7)) | O7: =IF(OR($B7="",M7=0),"",N7/M7) | P7: =IF($B7="","",IFERROR(AVERAGEIFS(RL_Days,RL_Prod,$B7),"")) | Q7: =IF(OR($B7="",M7=0),"",INDEX(RL_TS,MATCH($B7&"|"&M7,RL_Key,0))) | R7: =IF(OR(L7="",N(L7)=0),"",N7/L7)
B8: ='_Engine'!U4 | C8: =IF($B8="","",INDEX(Eng_Item,'_Engine'!T4)) | D8: =IF($B8="","",INDEX(Eng_Cat,'_Engine'!T4)) | E8: ='_Engine'!V4 | F8: =IF(OR($B8="",M8=0),"",INDEX(RL_After,MATCH($B8&"|1",RL_Key,0))) | G8: =IF($B8="","",INDEX(Eng_PAR,'_Engine'!T4)) | H8: =IF($B8="","",IF(M8=0,"NOT PLACED",IF(cfg_AsOf>cfg_PilotEnd,"ENDED","ACTIVE"))) | I8: =IF($B8="","",cfg_PilotStart) | J8: =IF($B8="","",cfg_PilotEnd) | K8: =IF(OR($B8="",M8=0),"",INDEX(RL_Date,MATCH($B8&"|1",RL_Key,0))) | L8: =IF(K8="","",MAX(0,MIN(cfg_AsOf,cfg_PilotEnd)-K8+1)) | M8: =IF($B8="","",COUNTIFS(RL_Prod,$B8,RL_Added,"<>")) | N8: =IF($B8="","",SUMIFS(RL_Added,RL_Prod,$B8)) | O8: =IF(OR($B8="",M8=0),"",N8/M8) | P8: =IF($B8="","",IFERROR(AVERAGEIFS(RL_Days,RL_Prod,$B8),"")) | Q8: =IF(OR($B8="",M8=0),"",INDEX(RL_TS,MATCH($B8&"|"&M8,RL_Key,0))) | R8: =IF(OR(L8="",N(L8)=0),"",N8/L8)
B9: ='_Engine'!U5 | C9: =IF($B9="","",INDEX(Eng_Item,'_Engine'!T5)) | D9: =IF($B9="","",INDEX(Eng_Cat,'_Engine'!T5)) | E9: ='_Engine'!V5 | F9: =IF(OR($B9="",M9=0),"",INDEX(RL_After,MATCH($B9&"|1",RL_Key,0))) | G9: =IF($B9="","",INDEX(Eng_PAR,'_Engine'!T5)) | H9: =IF($B9="","",IF(M9=0,"NOT PLACED",IF(cfg_AsOf>cfg_PilotEnd,"ENDED","ACTIVE"))) | I9: =IF($B9="","",cfg_PilotStart) | J9: =IF($B9="","",cfg_PilotEnd) | K9: =IF(OR($B9="",M9=0),"",INDEX(RL_Date,MATCH($B9&"|1",RL_Key,0))) | L9: =IF(K9="","",MAX(0,MIN(cfg_AsOf,cfg_PilotEnd)-K9+1)) | M9: =IF($B9="","",COUNTIFS(RL_Prod,$B9,RL_Added,"<>")) | N9: =IF($B9="","",SUMIFS(RL_Added,RL_Prod,$B9)) | O9: =IF(OR($B9="",M9=0),"",N9/M9) | P9: =IF($B9="","",IFERROR(AVERAGEIFS(RL_Days,RL_Prod,$B9),"")) | Q9: =IF(OR($B9="",M9=0),"",INDEX(RL_TS,MATCH($B9&"|"&M9,RL_Key,0))) | R9: =IF(OR(L9="",N(L9)=0),"",N9/L9)
B10: ='_Engine'!U6 | C10: =IF($B10="","",INDEX(Eng_Item,'_Engine'!T6)) | D10: =IF($B10="","",INDEX(Eng_Cat,'_Engine'!T6)) | E10: ='_Engine'!V6 | F10: =IF(OR($B10="",M10=0),"",INDEX(RL_After,MATCH($B10&"|1",RL_Key,0))) | G10: =IF($B10="","",INDEX(Eng_PAR,'_Engine'!T6)) | H10: =IF($B10="","",IF(M10=0,"NOT PLACED",IF(cfg_AsOf>cfg_PilotEnd,"ENDED","ACTIVE"))) | I10: =IF($B10="","",cfg_PilotStart) | J10: =IF($B10="","",cfg_PilotEnd) | K10: =IF(OR($B10="",M10=0),"",INDEX(RL_Date,MATCH($B10&"|1",RL_Key,0))) | L10: =IF(K10="","",MAX(0,MIN(cfg_AsOf,cfg_PilotEnd)-K10+1)) | M10: =IF($B10="","",COUNTIFS(RL_Prod,$B10,RL_Added,"<>")) | N10: =IF($B10="","",SUMIFS(RL_Added,RL_Prod,$B10)) | O10: =IF(OR($B10="",M10=0),"",N10/M10) | P10: =IF($B10="","",IFERROR(AVERAGEIFS(RL_Days,RL_Prod,$B10),"")) | Q10: =IF(OR($B10="",M10=0),"",INDEX(RL_TS,MATCH($B10&"|"&M10,RL_Key,0))) | R10: =IF(OR(L10="",N(L10)=0),"",N10/L10)
B11: ='_Engine'!U7 | C11: =IF($B11="","",INDEX(Eng_Item,'_Engine'!T7)) | D11: =IF($B11="","",INDEX(Eng_Cat,'_Engine'!T7)) | E11: ='_Engine'!V7 | F11: =IF(OR($B11="",M11=0),"",INDEX(RL_After,MATCH($B11&"|1",RL_Key,0))) | G11: =IF($B11="","",INDEX(Eng_PAR,'_Engine'!T7)) | H11: =IF($B11="","",IF(M11=0,"NOT PLACED",IF(cfg_AsOf>cfg_PilotEnd,"ENDED","ACTIVE"))) | I11: =IF($B11="","",cfg_PilotStart) | J11: =IF($B11="","",cfg_PilotEnd) | K11: =IF(OR($B11="",M11=0),"",INDEX(RL_Date,MATCH($B11&"|1",RL_Key,0))) | L11: =IF(K11="","",MAX(0,MIN(cfg_AsOf,cfg_PilotEnd)-K11+1)) | M11: =IF($B11="","",COUNTIFS(RL_Prod,$B11,RL_Added,"<>")) | N11: =IF($B11="","",SUMIFS(RL_Added,RL_Prod,$B11)) | O11: =IF(OR($B11="",M11=0),"",N11/M11) | P11: =IF($B11="","",IFERROR(AVERAGEIFS(RL_Days,RL_Prod,$B11),"")) | Q11: =IF(OR($B11="",M11=0),"",INDEX(RL_TS,MATCH($B11&"|"&M11,RL_Key,0))) | R11: =IF(OR(L11="",N(L11)=0),"",N11/L11)
B12: ='_Engine'!U8 | C12: =IF($B12="","",INDEX(Eng_Item,'_Engine'!T8)) | D12: =IF($B12="","",INDEX(Eng_Cat,'_Engine'!T8)) | E12: ='_Engine'!V8 | F12: =IF(OR($B12="",M12=0),"",INDEX(RL_After,MATCH($B12&"|1",RL_Key,0))) | G12: =IF($B12="","",INDEX(Eng_PAR,'_Engine'!T8)) | H12: =IF($B12="","",IF(M12=0,"NOT PLACED",IF(cfg_AsOf>cfg_PilotEnd,"ENDED","ACTIVE"))) | I12: =IF($B12="","",cfg_PilotStart) | J12: =IF($B12="","",cfg_PilotEnd) | K12: =IF(OR($B12="",M12=0),"",INDEX(RL_Date,MATCH($B12&"|1",RL_Key,0))) | L12: =IF(K12="","",MAX(0,MIN(cfg_AsOf,cfg_PilotEnd)-K12+1)) | M12: =IF($B12="","",COUNTIFS(RL_Prod,$B12,RL_Added,"<>")) | N12: =IF($B12="","",SUMIFS(RL_Added,RL_Prod,$B12)) | O12: =IF(OR($B12="",M12=0),"",N12/M12) | P12: =IF($B12="","",IFERROR(AVERAGEIFS(RL_Days,RL_Prod,$B12),"")) | Q12: =IF(OR($B12="",M12=0),"",INDEX(RL_TS,MATCH($B12&"|"&M12,RL_Key,0))) | R12: =IF(OR(L12="",N(L12)=0),"",N12/L12)
B13: ='_Engine'!U9 | C13: =IF($B13="","",INDEX(Eng_Item,'_Engine'!T9)) | D13: =IF($B13="","",INDEX(Eng_Cat,'_Engine'!T9)) | E13: ='_Engine'!V9 | F13: =IF(OR($B13="",M13=0),"",INDEX(RL_After,MATCH($B13&"|1",RL_Key,0))) | G13: =IF($B13="","",INDEX(Eng_PAR,'_Engine'!T9)) | H13: =IF($B13="","",IF(M13=0,"NOT PLACED",IF(cfg_AsOf>cfg_PilotEnd,"ENDED","ACTIVE"))) | I13: =IF($B13="","",cfg_PilotStart) | J13: =IF($B13="","",cfg_PilotEnd) | K13: =IF(OR($B13="",M13=0),"",INDEX(RL_Date,MATCH($B13&"|1",RL_Key,0))) | L13: =IF(K13="","",MAX(0,MIN(cfg_AsOf,cfg_PilotEnd)-K13+1)) | M13: =IF($B13="","",COUNTIFS(RL_Prod,$B13,RL_Added,"<>")) | N13: =IF($B13="","",SUMIFS(RL_Added,RL_Prod,$B13)) | O13: =IF(OR($B13="",M13=0),"",N13/M13) | P13: =IF($B13="","",IFERROR(AVERAGEIFS(RL_Days,RL_Prod,$B13),"")) | Q13: =IF(OR($B13="",M13=0),"",INDEX(RL_TS,MATCH($B13&"|"&M13,RL_Key,0))) | R13: =IF(OR(L13="",N(L13)=0),"",N13/L13)
B14: ='_Engine'!U10 | C14: =IF($B14="","",INDEX(Eng_Item,'_Engine'!T10)) | D14: =IF($B14="","",INDEX(Eng_Cat,'_Engine'!T10)) | E14: ='_Engine'!V10 | F14: =IF(OR($B14="",M14=0),"",INDEX(RL_After,MATCH($B14&"|1",RL_Key,0))) | G14: =IF($B14="","",INDEX(Eng_PAR,'_Engine'!T10)) | H14: =IF($B14="","",IF(M14=0,"NOT PLACED",IF(cfg_AsOf>cfg_PilotEnd,"ENDED","ACTIVE"))) | I14: =IF($B14="","",cfg_PilotStart) | J14: =IF($B14="","",cfg_PilotEnd) | K14: =IF(OR($B14="",M14=0),"",INDEX(RL_Date,MATCH($B14&"|1",RL_Key,0))) | L14: =IF(K14="","",MAX(0,MIN(cfg_AsOf,cfg_PilotEnd)-K14+1)) | M14: =IF($B14="","",COUNTIFS(RL_Prod,$B14,RL_Added,"<>")) | N14: =IF($B14="","",SUMIFS(RL_Added,RL_Prod,$B14)) | O14: =IF(OR($B14="",M14=0),"",N14/M14) | P14: =IF($B14="","",IFERROR(AVERAGEIFS(RL_Days,RL_Prod,$B14),"")) | Q14: =IF(OR($B14="",M14=0),"",INDEX(RL_TS,MATCH($B14&"|"&M14,RL_Key,0))) | R14: =IF(OR(L14="",N(L14)=0),"",N14/L14)
B15: ='_Engine'!U11 | C15: =IF($B15="","",INDEX(Eng_Item,'_Engine'!T11)) | D15: =IF($B15="","",INDEX(Eng_Cat,'_Engine'!T11)) | E15: ='_Engine'!V11 | F15: =IF(OR($B15="",M15=0),"",INDEX(RL_After,MATCH($B15&"|1",RL_Key,0))) | G15: =IF($B15="","",INDEX(Eng_PAR,'_Engine'!T11)) | H15: =IF($B15="","",IF(M15=0,"NOT PLACED",IF(cfg_AsOf>cfg_PilotEnd,"ENDED","ACTIVE"))) | I15: =IF($B15="","",cfg_PilotStart) | J15: =IF($B15="","",cfg_PilotEnd) | K15: =IF(OR($B15="",M15=0),"",INDEX(RL_Date,MATCH($B15&"|1",RL_Key,0))) | L15: =IF(K15="","",MAX(0,MIN(cfg_AsOf,cfg_PilotEnd)-K15+1)) | M15: =IF($B15="","",COUNTIFS(RL_Prod,$B15,RL_Added,"<>")) | N15: =IF($B15="","",SUMIFS(RL_Added,RL_Prod,$B15)) | O15: =IF(OR($B15="",M15=0),"",N15/M15) | P15: =IF($B15="","",IFERROR(AVERAGEIFS(RL_Days,RL_Prod,$B15),"")) | Q15: =IF(OR($B15="",M15=0),"",INDEX(RL_TS,MATCH($B15&"|"&M15,RL_Key,0))) | R15: =IF(OR(L15="",N(L15)=0),"",N15/L15)
B16: ='_Engine'!U12 | C16: =IF($B16="","",INDEX(Eng_Item,'_Engine'!T12)) | D16: =IF($B16="","",INDEX(Eng_Cat,'_Engine'!T12)) | E16: ='_Engine'!V12 | F16: =IF(OR($B16="",M16=0),"",INDEX(RL_After,MATCH($B16&"|1",RL_Key,0))) | G16: =IF($B16="","",INDEX(Eng_PAR,'_Engine'!T12)) | H16: =IF($B16="","",IF(M16=0,"NOT PLACED",IF(cfg_AsOf>cfg_PilotEnd,"ENDED","ACTIVE"))) | I16: =IF($B16="","",cfg_PilotStart) | J16: =IF($B16="","",cfg_PilotEnd) | K16: =IF(OR($B16="",M16=0),"",INDEX(RL_Date,MATCH($B16&"|1",RL_Key,0))) | L16: =IF(K16="","",MAX(0,MIN(cfg_AsOf,cfg_PilotEnd)-K16+1)) | M16: =IF($B16="","",COUNTIFS(RL_Prod,$B16,RL_Added,"<>")) | N16: =IF($B16="","",SUMIFS(RL_Added,RL_Prod,$B16)) | O16: =IF(OR($B16="",M16=0),"",N16/M16) | P16: =IF($B16="","",IFERROR(AVERAGEIFS(RL_Days,RL_Prod,$B16),"")) | Q16: =IF(OR($B16="",M16=0),"",INDEX(RL_TS,MATCH($B16&"|"&M16,RL_Key,0))) | R16: =IF(OR(L16="",N(L16)=0),"",N16/L16)
B17: ='_Engine'!U13 | C17: =IF($B17="","",INDEX(Eng_Item,'_Engine'!T13)) | D17: =IF($B17="","",INDEX(Eng_Cat,'_Engine'!T13)) | E17: ='_Engine'!V13 | F17: =IF(OR($B17="",M17=0),"",INDEX(RL_After,MATCH($B17&"|1",RL_Key,0))) | G17: =IF($B17="","",INDEX(Eng_PAR,'_Engine'!T13)) | H17: =IF($B17="","",IF(M17=0,"NOT PLACED",IF(cfg_AsOf>cfg_PilotEnd,"ENDED","ACTIVE"))) | I17: =IF($B17="","",cfg_PilotStart) | J17: =IF($B17="","",cfg_PilotEnd) | K17: =IF(OR($B17="",M17=0),"",INDEX(RL_Date,MATCH($B17&"|1",RL_Key,0))) | L17: =IF(K17="","",MAX(0,MIN(cfg_AsOf,cfg_PilotEnd)-K17+1)) | M17: =IF($B17="","",COUNTIFS(RL_Prod,$B17,RL_Added,"<>")) | N17: =IF($B17="","",SUMIFS(RL_Added,RL_Prod,$B17)) | O17: =IF(OR($B17="",M17=0),"",N17/M17) | P17: =IF($B17="","",IFERROR(AVERAGEIFS(RL_Days,RL_Prod,$B17),"")) | Q17: =IF(OR($B17="",M17=0),"",INDEX(RL_TS,MATCH($B17&"|"&M17,RL_Key,0))) | R17: =IF(OR(L17="",N(L17)=0),"",N17/L17)
... B85: ='_Engine'!U81 | C85: =IF($B85="","",INDEX(Eng_Item,'_Engine'!T81)) | D85: =IF($B85="","",INDEX(Eng_Cat,'_Engine'!T81)) | E85: ='_Engine'!V81 | F85: =IF(OR($B85="",M85=0),"",INDEX(RL_After,MATCH($B85&"|1",RL_Key,0))) | G85: =IF($B85="","",INDEX(Eng_PAR,'_Engine'!T81)) | H85: =IF($B85="","",IF(M85=0,"NOT PLACED",IF(cfg_AsOf>cfg_PilotEnd,"ENDED","ACTIVE"))) | I85: =IF($B85="","",cfg_PilotStart) | J85: =IF($B85="","",cfg_PilotEnd) | K85: =IF(OR($B85="",M85=0),"",INDEX(RL_Date,MATCH($B85&"|1",RL_Key,0))) | L85: =IF(K85="","",MAX(0,MIN(cfg_AsOf,cfg_PilotEnd)-K85+1)) | M85: =IF($B85="","",COUNTIFS(RL_Prod,$B85,RL_Added,"<>")) | N85: =IF($B85="","",SUMIFS(RL_Added,RL_Prod,$B85)) | O85: =IF(OR($B85="",M85=0),"",N85/M85) | P85: =IF($B85="","",IFERROR(AVERAGEIFS(RL_Days,RL_Prod,$B85),"")) | Q85: =IF(OR($B85="",M85=0),"",INDEX(RL_TS,MATCH($B85&"|"&M85,RL_Key,0))) | R85: =IF(OR(L85="",N(L85)=0),"",N85/L85)

Sheet Restock Log
B1: =cfg_Site&" Operations Hub · Pantry Pilot" | N1: =cfg_AsOf
B2: ⌂ HOME | D2: ⚙ CONTROL | E2: INVENTORY | F2: ✎ COUNT | G2: ✎ RECEIVE | I2: ORDERS | J2: ◧ INV. DASH | K2: PILOT ITEMS | M2: ✎ RESTOCK | N2: ✎ FEEDBACK | O2: ◧ PILOT DASH | S2: ✎ TASKS
B3: One row per refill — type only the BLUE columns. Log the very first placement too (Qty Before = 0). Previous refill, cadence and how long the pantry lasted are calculated per product. Add new events at the bottom.
B5: Refill Date | C5: Refill Time | D5: Product | E5: Type | F5: Qty Before | G5: Qty Added | H5: Qty After | I5: Refilled By | J5: Previous Refill | K5: Days Since Prior Refill | L5: Hours Since Prior Refill | M5: Operational Notes | N5: Pilot Day | O5: Event ID | P5: Key | Q5: Seq | R5: Timestamp
E6: =IF(D6="","",IFERROR(INDEX(Pil_Type,MATCH(D6,Pil_Label,0)),"not in pilot")) | H6: =IF(G6="","",N(F6)+G6) | J6: =IF(OR(Q6="",N(Q6)<=1),"",INDEX($R$6:$R$1505,MATCH(D6&"|"&(Q6-1),$P$6:$P$1505,0))) | K6: =IF(OR(J6="",R6=""),"",R6-J6) | L6: =IF(OR(J6="",R6=""),"",(R6-J6)*24) | N6: =IF(B6="","",IF(OR(B6<cfg_PilotStart,B6>cfg_PilotEnd),"Outside",B6-cfg_PilotStart+1)) | O6: =IF(OR(B6="",D6=""),"","RF-"&TEXT(ROW()-5,"0000")) | P6: =IF(Q6="","",D6&"|"&Q6) | Q6: =IF(OR(D6="",G6=""),"",COUNTIFS($D$6:D6,D6,$G$6:G6,"<>")) | R6: =IF(B6="","",B6+N(C6))
E7: =IF(D7="","",IFERROR(INDEX(Pil_Type,MATCH(D7,Pil_Label,0)),"not in pilot")) | H7: =IF(G7="","",N(F7)+G7) | J7: =IF(OR(Q7="",N(Q7)<=1),"",INDEX($R$6:$R$1505,MATCH(D7&"|"&(Q7-1),$P$6:$P$1505,0))) | K7: =IF(OR(J7="",R7=""),"",R7-J7) | L7: =IF(OR(J7="",R7=""),"",(R7-J7)*24) | N7: =IF(B7="","",IF(OR(B7<cfg_PilotStart,B7>cfg_PilotEnd),"Outside",B7-cfg_PilotStart+1)) | O7: =IF(OR(B7="",D7=""),"","RF-"&TEXT(ROW()-5,"0000")) | P7: =IF(Q7="","",D7&"|"&Q7) | Q7: =IF(OR(D7="",G7=""),"",COUNTIFS($D$6:D7,D7,$G$6:G7,"<>")) | R7: =IF(B7="","",B7+N(C7))
E8: =IF(D8="","",IFERROR(INDEX(Pil_Type,MATCH(D8,Pil_Label,0)),"not in pilot")) | H8: =IF(G8="","",N(F8)+G8) | J8: =IF(OR(Q8="",N(Q8)<=1),"",INDEX($R$6:$R$1505,MATCH(D8&"|"&(Q8-1),$P$6:$P$1505,0))) | K8: =IF(OR(J8="",R8=""),"",R8-J8) | L8: =IF(OR(J8="",R8=""),"",(R8-J8)*24) | N8: =IF(B8="","",IF(OR(B8<cfg_PilotStart,B8>cfg_PilotEnd),"Outside",B8-cfg_PilotStart+1)) | O8: =IF(OR(B8="",D8=""),"","RF-"&TEXT(ROW()-5,"0000")) | P8: =IF(Q8="","",D8&"|"&Q8) | Q8: =IF(OR(D8="",G8=""),"",COUNTIFS($D$6:D8,D8,$G$6:G8,"<>")) | R8: =IF(B8="","",B8+N(C8))
E9: =IF(D9="","",IFERROR(INDEX(Pil_Type,MATCH(D9,Pil_Label,0)),"not in pilot")) | H9: =IF(G9="","",N(F9)+G9) | J9: =IF(OR(Q9="",N(Q9)<=1),"",INDEX($R$6:$R$1505,MATCH(D9&"|"&(Q9-1),$P$6:$P$1505,0))) | K9: =IF(OR(J9="",R9=""),"",R9-J9) | L9: =IF(OR(J9="",R9=""),"",(R9-J9)*24) | N9: =IF(B9="","",IF(OR(B9<cfg_PilotStart,B9>cfg_PilotEnd),"Outside",B9-cfg_PilotStart+1)) | O9: =IF(OR(B9="",D9=""),"","RF-"&TEXT(ROW()-5,"0000")) | P9: =IF(Q9="","",D9&"|"&Q9) | Q9: =IF(OR(D9="",G9=""),"",COUNTIFS($D$6:D9,D9,$G$6:G9,"<>")) | R9: =IF(B9="","",B9+N(C9))
E10: =IF(D10="","",IFERROR(INDEX(Pil_Type,MATCH(D10,Pil_Label,0)),"not in pilot")) | H10: =IF(G10="","",N(F10)+G10) | J10: =IF(OR(Q10="",N(Q10)<=1),"",INDEX($R$6:$R$1505,MATCH(D10&"|"&(Q10-1),$P$6:$P$1505,0))) | K10: =IF(OR(J10="",R10=""),"",R10-J10) | L10: =IF(OR(J10="",R10=""),"",(R10-J10)*24) | N10: =IF(B10="","",IF(OR(B10<cfg_PilotStart,B10>cfg_PilotEnd),"Outside",B10-cfg_PilotStart+1)) | O10: =IF(OR(B10="",D10=""),"","RF-"&TEXT(ROW()-5,"0000")) | P10: =IF(Q10="","",D10&"|"&Q10) | Q10: =IF(OR(D10="",G10=""),"",COUNTIFS($D$6:D10,D10,$G$6:G10,"<>")) | R10: =IF(B10="","",B10+N(C10))
E11: =IF(D11="","",IFERROR(INDEX(Pil_Type,MATCH(D11,Pil_Label,0)),"not in pilot")) | H11: =IF(G11="","",N(F11)+G11) | J11: =IF(OR(Q11="",N(Q11)<=1),"",INDEX($R$6:$R$1505,MATCH(D11&"|"&(Q11-1),$P$6:$P$1505,0))) | K11: =IF(OR(J11="",R11=""),"",R11-J11) | L11: =IF(OR(J11="",R11=""),"",(R11-J11)*24) | N11: =IF(B11="","",IF(OR(B11<cfg_PilotStart,B11>cfg_PilotEnd),"Outside",B11-cfg_PilotStart+1)) | O11: =IF(OR(B11="",D11=""),"","RF-"&TEXT(ROW()-5,"0000")) | P11: =IF(Q11="","",D11&"|"&Q11) | Q11: =IF(OR(D11="",G11=""),"",COUNTIFS($D$6:D11,D11,$G$6:G11,"<>")) | R11: =IF(B11="","",B11+N(C11))
E12: =IF(D12="","",IFERROR(INDEX(Pil_Type,MATCH(D12,Pil_Label,0)),"not in pilot")) | H12: =IF(G12="","",N(F12)+G12) | J12: =IF(OR(Q12="",N(Q12)<=1),"",INDEX($R$6:$R$1505,MATCH(D12&"|"&(Q12-1),$P$6:$P$1505,0))) | K12: =IF(OR(J12="",R12=""),"",R12-J12) | L12: =IF(OR(J12="",R12=""),"",(R12-J12)*24) | N12: =IF(B12="","",IF(OR(B12<cfg_PilotStart,B12>cfg_PilotEnd),"Outside",B12-cfg_PilotStart+1)) | O12: =IF(OR(B12="",D12=""),"","RF-"&TEXT(ROW()-5,"0000")) | P12: =IF(Q12="","",D12&"|"&Q12) | Q12: =IF(OR(D12="",G12=""),"",COUNTIFS($D$6:D12,D12,$G$6:G12,"<>")) | R12: =IF(B12="","",B12+N(C12))
E13: =IF(D13="","",IFERROR(INDEX(Pil_Type,MATCH(D13,Pil_Label,0)),"not in pilot")) | H13: =IF(G13="","",N(F13)+G13) | J13: =IF(OR(Q13="",N(Q13)<=1),"",INDEX($R$6:$R$1505,MATCH(D13&"|"&(Q13-1),$P$6:$P$1505,0))) | K13: =IF(OR(J13="",R13=""),"",R13-J13) | L13: =IF(OR(J13="",R13=""),"",(R13-J13)*24) | N13: =IF(B13="","",IF(OR(B13<cfg_PilotStart,B13>cfg_PilotEnd),"Outside",B13-cfg_PilotStart+1)) | O13: =IF(OR(B13="",D13=""),"","RF-"&TEXT(ROW()-5,"0000")) | P13: =IF(Q13="","",D13&"|"&Q13) | Q13: =IF(OR(D13="",G13=""),"",COUNTIFS($D$6:D13,D13,$G$6:G13,"<>")) | R13: =IF(B13="","",B13+N(C13))
E14: =IF(D14="","",IFERROR(INDEX(Pil_Type,MATCH(D14,Pil_Label,0)),"not in pilot")) | H14: =IF(G14="","",N(F14)+G14) | J14: =IF(OR(Q14="",N(Q14)<=1),"",INDEX($R$6:$R$1505,MATCH(D14&"|"&(Q14-1),$P$6:$P$1505,0))) | K14: =IF(OR(J14="",R14=""),"",R14-J14) | L14: =IF(OR(J14="",R14=""),"",(R14-J14)*24) | N14: =IF(B14="","",IF(OR(B14<cfg_PilotStart,B14>cfg_PilotEnd),"Outside",B14-cfg_PilotStart+1)) | O14: =IF(OR(B14="",D14=""),"","RF-"&TEXT(ROW()-5,"0000")) | P14: =IF(Q14="","",D14&"|"&Q14) | Q14: =IF(OR(D14="",G14=""),"",COUNTIFS($D$6:D14,D14,$G$6:G14,"<>")) | R14: =IF(B14="","",B14+N(C14))
E15: =IF(D15="","",IFERROR(INDEX(Pil_Type,MATCH(D15,Pil_Label,0)),"not in pilot")) | H15: =IF(G15="","",N(F15)+G15) | J15: =IF(OR(Q15="",N(Q15)<=1),"",INDEX($R$6:$R$1505,MATCH(D15&"|"&(Q15-1),$P$6:$P$1505,0))) | K15: =IF(OR(J15="",R15=""),"",R15-J15) | L15: =IF(OR(J15="",R15=""),"",(R15-J15)*24) | N15: =IF(B15="","",IF(OR(B15<cfg_PilotStart,B15>cfg_PilotEnd),"Outside",B15-cfg_PilotStart+1)) | O15: =IF(OR(B15="",D15=""),"","RF-"&TEXT(ROW()-5,"0000")) | P15: =IF(Q15="","",D15&"|"&Q15) | Q15: =IF(OR(D15="",G15=""),"",COUNTIFS($D$6:D15,D15,$G$6:G15,"<>")) | R15: =IF(B15="","",B15+N(C15))
E16: =IF(D16="","",IFERROR(INDEX(Pil_Type,MATCH(D16,Pil_Label,0)),"not in pilot")) | H16: =IF(G16="","",N(F16)+G16) | J16: =IF(OR(Q16="",N(Q16)<=1),"",INDEX($R$6:$R$1505,MATCH(D16&"|"&(Q16-1),$P$6:$P$1505,0))) | K16: =IF(OR(J16="",R16=""),"",R16-J16) | L16: =IF(OR(J16="",R16=""),"",(R16-J16)*24) | N16: =IF(B16="","",IF(OR(B16<cfg_PilotStart,B16>cfg_PilotEnd),"Outside",B16-cfg_PilotStart+1)) | O16: =IF(OR(B16="",D16=""),"","RF-"&TEXT(ROW()-5,"0000")) | P16: =IF(Q16="","",D16&"|"&Q16) | Q16: =IF(OR(D16="",G16=""),"",COUNTIFS($D$6:D16,D16,$G$6:G16,"<>")) | R16: =IF(B16="","",B16+N(C16))
E17: =IF(D17="","",IFERROR(INDEX(Pil_Type,MATCH(D17,Pil_Label,0)),"not in pilot")) | H17: =IF(G17="","",N(F17)+G17) | J17: =IF(OR(Q17="",N(Q17)<=1),"",INDEX($R$6:$R$1505,MATCH(D17&"|"&(Q17-1),$P$6:$P$1505,0))) | K17: =IF(OR(J17="",R17=""),"",R17-J17) | L17: =IF(OR(J17="",R17=""),"",(R17-J17)*24) | N17: =IF(B17="","",IF(OR(B17<cfg_PilotStart,B17>cfg_PilotEnd),"Outside",B17-cfg_PilotStart+1)) | O17: =IF(OR(B17="",D17=""),"","RF-"&TEXT(ROW()-5,"0000")) | P17: =IF(Q17="","",D17&"|"&Q17) | Q17: =IF(OR(D17="",G17=""),"",COUNTIFS($D$6:D17,D17,$G$6:G17,"<>")) | R17: =IF(B17="","",B17+N(C17))
... E1505: =IF(D1505="","",IFERROR(INDEX(Pil_Type,MATCH(D1505,Pil_Label,0)),"not in pilot")) | H1505: =IF(G1505="","",N(F1505)+G1505) | J1505: =IF(OR(Q1505="",N(Q1505)<=1),"",INDEX($R$6:$R$1505,MATCH(D1505&"|"&(Q1505-1),$P$6:$P$1505,0))) | K1505: =IF(OR(J1505="",R1505=""),"",R1505-J1505) | L1505: =IF(OR(J1505="",R1505=""),"",(R1505-J1505)*24) | N1505: =IF(B1505="","",IF(OR(B1505<cfg_PilotStart,B1505>cfg_PilotEnd),"Outside",B1505-cfg_PilotStart+1)) | O1505: =IF(OR(B1505="",D1505=""),"","RF-"&TEXT(ROW()-5,"0000")) | P1505: =IF(Q1505="","",D1505&"|"&Q1505) | Q1505: =IF(OR(D1505="",G1505=""),"",COUNTIFS($D$6:D1505,D1505,$G$6:G1505,"<>")) | R1505: =IF(B1505="","",B1505+N(C1505))

Sheet Feedback Log
B1: =cfg_Site&" Operations Hub · Pantry Pilot" | N1: =cfg_AsOf
B2: ⌂ HOME | D2: ⚙ CONTROL | E2: INVENTORY | G2: ✎ COUNT | H2: ✎ RECEIVE | I2: ORDERS | J2: ◧ INV. DASH | K2: PILOT ITEMS | L2: ✎ RESTOCK | M2: ✎ FEEDBACK | N2: ◧ PILOT DASH | P2: ✎ TASKS
B3: Structured employee feedback — type only the BLUE columns (dropdowns wherever possible). Response Days = days to resolution, or days open so far for unresolved follow-ups. IDs and pilot day are automatic.
B5: Date | C5: Time | D5: Feedback Type | E5: Rating (1-5) | F5: Product | G5: Comment | H5: Area / Team | I5: Follow-Up Needed | J5: Owner | K5: Status | L5: Resolved Date | M5: Response Days | N5: Pilot Day | O5: Feedback ID
M6: =IF(B6="","",IF(L6<>"",L6-B6,IF(I6="Yes",MAX(0,cfg_AsOf-B6),""))) | N6: =IF(B6="","",IF(OR(B6<cfg_PilotStart,B6>cfg_PilotEnd),"Outside",B6-cfg_PilotStart+1)) | O6: =IF(B6="","","FB-"&TEXT(ROW()-5,"0000"))
M7: =IF(B7="","",IF(L7<>"",L7-B7,IF(I7="Yes",MAX(0,cfg_AsOf-B7),""))) | N7: =IF(B7="","",IF(OR(B7<cfg_PilotStart,B7>cfg_PilotEnd),"Outside",B7-cfg_PilotStart+1)) | O7: =IF(B7="","","FB-"&TEXT(ROW()-5,"0000"))
M8: =IF(B8="","",IF(L8<>"",L8-B8,IF(I8="Yes",MAX(0,cfg_AsOf-B8),""))) | N8: =IF(B8="","",IF(OR(B8<cfg_PilotStart,B8>cfg_PilotEnd),"Outside",B8-cfg_PilotStart+1)) | O8: =IF(B8="","","FB-"&TEXT(ROW()-5,"0000"))
M9: =IF(B9="","",IF(L9<>"",L9-B9,IF(I9="Yes",MAX(0,cfg_AsOf-B9),""))) | N9: =IF(B9="","",IF(OR(B9<cfg_PilotStart,B9>cfg_PilotEnd),"Outside",B9-cfg_PilotStart+1)) | O9: =IF(B9="","","FB-"&TEXT(ROW()-5,"0000"))
M10: =IF(B10="","",IF(L10<>"",L10-B10,IF(I10="Yes",MAX(0,cfg_AsOf-B10),""))) | N10: =IF(B10="","",IF(OR(B10<cfg_PilotStart,B10>cfg_PilotEnd),"Outside",B10-cfg_PilotStart+1)) | O10: =IF(B10="","","FB-"&TEXT(ROW()-5,"0000"))
M11: =IF(B11="","",IF(L11<>"",L11-B11,IF(I11="Yes",MAX(0,cfg_AsOf-B11),""))) | N11: =IF(B11="","",IF(OR(B11<cfg_PilotStart,B11>cfg_PilotEnd),"Outside",B11-cfg_PilotStart+1)) | O11: =IF(B11="","","FB-"&TEXT(ROW()-5,"0000"))
M12: =IF(B12="","",IF(L12<>"",L12-B12,IF(I12="Yes",MAX(0,cfg_AsOf-B12),""))) | N12: =IF(B12="","",IF(OR(B12<cfg_PilotStart,B12>cfg_PilotEnd),"Outside",B12-cfg_PilotStart+1)) | O12: =IF(B12="","","FB-"&TEXT(ROW()-5,"0000"))
M13: =IF(B13="","",IF(L13<>"",L13-B13,IF(I13="Yes",MAX(0,cfg_AsOf-B13),""))) | N13: =IF(B13="","",IF(OR(B13<cfg_PilotStart,B13>cfg_PilotEnd),"Outside",B13-cfg_PilotStart+1)) | O13: =IF(B13="","","FB-"&TEXT(ROW()-5,"0000"))
M14: =IF(B14="","",IF(L14<>"",L14-B14,IF(I14="Yes",MAX(0,cfg_AsOf-B14),""))) | N14: =IF(B14="","",IF(OR(B14<cfg_PilotStart,B14>cfg_PilotEnd),"Outside",B14-cfg_PilotStart+1)) | O14: =IF(B14="","","FB-"&TEXT(ROW()-5,"0000"))
M15: =IF(B15="","",IF(L15<>"",L15-B15,IF(I15="Yes",MAX(0,cfg_AsOf-B15),""))) | N15: =IF(B15="","",IF(OR(B15<cfg_PilotStart,B15>cfg_PilotEnd),"Outside",B15-cfg_PilotStart+1)) | O15: =IF(B15="","","FB-"&TEXT(ROW()-5,"0000"))
M16: =IF(B16="","",IF(L16<>"",L16-B16,IF(I16="Yes",MAX(0,cfg_AsOf-B16),""))) | N16: =IF(B16="","",IF(OR(B16<cfg_PilotStart,B16>cfg_PilotEnd),"Outside",B16-cfg_PilotStart+1)) | O16: =IF(B16="","","FB-"&TEXT(ROW()-5,"0000"))
M17: =IF(B17="","",IF(L17<>"",L17-B17,IF(I17="Yes",MAX(0,cfg_AsOf-B17),""))) | N17: =IF(B17="","",IF(OR(B17<cfg_PilotStart,B17>cfg_PilotEnd),"Outside",B17-cfg_PilotStart+1)) | O17: =IF(B17="","","FB-"&TEXT(ROW()-5,"0000"))
... M1005: =IF(B1005="","",IF(L1005<>"",L1005-B1005,IF(I1005="Yes",MAX(0,cfg_AsOf-B1005),""))) | N1005: =IF(B1005="","",IF(OR(B1005<cfg_PilotStart,B1005>cfg_PilotEnd),"Outside",B1005-cfg_PilotStart+1)) | O1005: =IF(B1005="","","FB-"&TEXT(ROW()-5,"0000"))

Sheet Pilot Dashboard
B1: =cfg_Site&" Operations Hub · Pilot Dashboard" | O1: =cfg_AsOf
B2: ⌂ HOME | D2: ⚙ CONTROL | E2: INVENTORY | F2: ✎ COUNT | H2: ✎ RECEIVE | I2: ORDERS | J2: ◧ INV. DASH | L2: PILOT ITEMS | M2: ✎ RESTOCK | N2: ✎ FEEDBACK | P2: ◧ PILOT DASH | Q2: ✎ TASKS
B3: Leadership view of the pantry pilot: consumption, refill cadence and employee sentiment, with a rule-based recommendation (rules on the Control Panel).
B5: =IF(cfg_AsOf<cfg_PilotStart,"PILOT STARTS IN "&(cfg_PilotStart-cfg_AsOf)&" DAYS",IF(cfg_AsOf>cfg_PilotEnd,"PILOT COMPLETE","PILOT IN PROGRESS · DAY "&IF(cfg_AsOf<cfg_PilotStart,0,MIN(cfg_AsOf-cfg_PilotStart+1,cfg_PilotDays))&" OF "&cfg_PilotDays)) | J5: =REPT("█",ROUND(IF(cfg_AsOf<cfg_PilotStart,0,MIN(cfg_AsOf-cfg_PilotStart+1,cfg_PilotDays))/cfg_PilotDays*28,0))&REPT("░",28-ROUND(IF(cfg_AsOf<cfg_PilotStart,0,MIN(cfg_AsOf-cfg_PilotStart+1,cfg_PilotDays))/cfg_PilotDays*28,0))&" "&FIXED(IF(cfg_AsOf<cfg_PilotStart,0,MIN(cfg_AsOf-cfg_PilotStart+1,cfg_PilotDays))/cfg_PilotDays*100,0)&"%"
B6: ="Pilot window: "&cfg_Site&" · "&cfg_PilotDays&" days · refills and feedback logged: "&COUNT(RL_Added)&" / "&COUNT(FB_Date)
B8: PILOT DAY | F8: DAYS REMAINING | J8: REFILL EVENTS | N8: UNITS PLACED
B9: =IF(cfg_AsOf<cfg_PilotStart,0,MIN(cfg_AsOf-cfg_PilotStart+1,cfg_PilotDays)) | F9: =IF(cfg_AsOf<cfg_PilotStart,cfg_PilotDays,MAX(0,cfg_PilotEnd-cfg_AsOf)) | J9: =COUNT(RL_Added) | N9: =SUM(RL_Added)
B10: ="of "&cfg_PilotDays&" planned days" | F10: ="Ends on day "&cfg_PilotDays | J10: =COUNTIF(PP_Flag,"ACTIVE")&" products active" | N10: =IF(IF(cfg_AsOf<cfg_PilotStart,0,MIN(cfg_AsOf-cfg_PilotStart+1,cfg_PilotDays))=0,"—",FIXED(SUM(RL_Added)/IF(cfg_AsOf<cfg_PilotStart,0,MIN(cfg_AsOf-cfg_PilotStart+1,cfg_PilotDays)),1)&" units / day")
B12: AVG DAYS BETWEEN REFILLS | F12: FEEDBACK ENTRIES | J12: AVERAGE RATING | N12: OPEN FOLLOW-UPS
B13: =IFERROR(AVERAGE(RL_Days),"—") | F13: =COUNT(FB_Date) | J13: =IFERROR(AVERAGE(FB_Rating),"—") | N13: =COUNTIFS(FB_FollowUp,"Yes",FB_Status,"<>Closed")
B14: =IFERROR("≈ "&FIXED(AVERAGE(RL_Hours),0)&" hours per product","No repeat refills yet") | F14: =COUNTIF(FB_Type,"Positive")&" positive · "&COUNTIF(FB_Type,"Concern")&" concerns" | J14: ="out of 5 · "&COUNT(FB_Rating)&" ratings" | N14: =IFERROR("Avg response "&FIXED(AVERAGEIFS(FB_Resp,FB_Status,"Closed"),1)&" days","No closed items yet")
B16: LEADERSHIP DECISION SIGNAL
B17: =IF(COUNT(FB_Date)<cfg_MinFeedback,"GATHER MORE DATA",IF(AND(IFERROR(AVERAGE(FB_Rating),0)>=cfg_ExpandRating,IF(COUNT(FB_Date)=0,0,COUNTIF(FB_Type,"Positive")/COUNT(FB_Date))>=cfg_ExpandPositive),"EXPAND",IF(IFERROR(AVERAGE(FB_Rating),0)>=cfg_ContinueRating,"CONTINUE","ADJUST"))) | F17: Positive feedback share | J17: =IF(COUNT(FB_Date)=0,0,COUNTIF(FB_Type,"Positive")/COUNT(FB_Date)) | L17: Projected units for the full pilot | P17: =IF(IF(cfg_AsOf<cfg_PilotStart,0,MIN(cfg_AsOf-cfg_PilotStart+1,cfg_PilotDays))=0,"—",SUM(RL_Added)/IF(cfg_AsOf<cfg_PilotStart,0,MIN(cfg_AsOf-cfg_PilotStart+1,cfg_PilotDays))*cfg_PilotDays)
F18: Concerns logged | J18: =COUNTIF(FB_Type,"Concern") | L18: Snack units · Beverage units | P18: =FIXED(SUMIFS(RL_Added,RL_Type,"Snack"),0)&" · "&FIXED(SUMIFS(RL_Added,RL_Type,"Beverage"),0)
F19: Refills that found the shelf empty | J19: =COUNTIFS(RL_Before,0,RL_Days,">=0") | L19: Top product by units | P19: =IF(MAX(Pil_Score)<=0,"—",INDEX(Pil_Label,MATCH(MAX(Pil_Score),Pil_Score,0)))
B20: ="Rules: EXPAND when avg rating ≥ "&FIXED(cfg_ExpandRating,1)&" and positive ≥ "&FIXED(cfg_ExpandPositive*100,0)&"% · CONTINUE when avg rating ≥ "&FIXED(cfg_ContinueRating,1)&" · otherwise ADJUST · needs at least "&cfg_MinFeedback&" feedback entries."
B22: UNITS PLACED BY PRODUCT (top 10) | L22: FEEDBACK RATING DISTRIBUTION
B43: UNITS PLACED BY PRODUCT — DATA | L43: RATING DISTRIBUTION — DATA
B44: # | C44: Product | G44: Type | I44: Units | L44: Rating | N44: Responses | P44: Share
B45: 1 | C45: =IF(LARGE(Pil_Score,B45)<0,"",INDEX(Pil_Label,MATCH(LARGE(Pil_Score,B45),Pil_Score,0))) | G45: =IF(C45="","",INDEX(Pil_Type,MATCH(LARGE(Pil_Score,B45),Pil_Score,0))) | I45: =IF(C45="","",INDEX(Pil_Units,MATCH(LARGE(Pil_Score,B45),Pil_Score,0))) | L45: 1 ★ | N45: =COUNTIF(FB_Rating,1) | P45: =IF(COUNT(FB_Rating)=0,"",N45/COUNT(FB_Rating))
B46: 2 | C46: =IF(LARGE(Pil_Score,B46)<0,"",INDEX(Pil_Label,MATCH(LARGE(Pil_Score,B46),Pil_Score,0))) | G46: =IF(C46="","",INDEX(Pil_Type,MATCH(LARGE(Pil_Score,B46),Pil_Score,0))) | I46: =IF(C46="","",INDEX(Pil_Units,MATCH(LARGE(Pil_Score,B46),Pil_Score,0))) | L46: 2 ★ | N46: =COUNTIF(FB_Rating,2) | P46: =IF(COUNT(FB_Rating)=0,"",N46/COUNT(FB_Rating))
B47: 3 | C47: =IF(LARGE(Pil_Score,B47)<0,"",INDEX(Pil_Label,MATCH(LARGE(Pil_Score,B47),Pil_Score,0))) | G47: =IF(C47="","",INDEX(Pil_Type,MATCH(LARGE(Pil_Score,B47),Pil_Score,0))) | I47: =IF(C47="","",INDEX(Pil_Units,MATCH(LARGE(Pil_Score,B47),Pil_Score,0))) | L47: 3 ★ | N47: =COUNTIF(FB_Rating,3) | P47: =IF(COUNT(FB_Rating)=0,"",N47/COUNT(FB_Rating))
B48: 4 | C48: =IF(LARGE(Pil_Score,B48)<0,"",INDEX(Pil_Label,MATCH(LARGE(Pil_Score,B48),Pil_Score,0))) | G48: =IF(C48="","",INDEX(Pil_Type,MATCH(LARGE(Pil_Score,B48),Pil_Score,0))) | I48: =IF(C48="","",INDEX(Pil_Units,MATCH(LARGE(Pil_Score,B48),Pil_Score,0))) | L48: 4 ★ | N48: =COUNTIF(FB_Rating,4) | P48: =IF(COUNT(FB_Rating)=0,"",N48/COUNT(FB_Rating))
B49: 5 | C49: =IF(LARGE(Pil_Score,B49)<0,"",INDEX(Pil_Label,MATCH(LARGE(Pil_Score,B49),Pil_Score,0))) | G49: =IF(C49="","",INDEX(Pil_Type,MATCH(LARGE(Pil_Score,B49),Pil_Score,0))) | I49: =IF(C49="","",INDEX(Pil_Units,MATCH(LARGE(Pil_Score,B49),Pil_Score,0))) | L49: 5 ★ | N49: =COUNTIF(FB_Rating,5) | P49: =IF(COUNT(FB_Rating)=0,"",N49/COUNT(FB_Rating))
B50: 6 | C50: =IF(LARGE(Pil_Score,B50)<0,"",INDEX(Pil_Label,MATCH(LARGE(Pil_Score,B50),Pil_Score,0))) | G50: =IF(C50="","",INDEX(Pil_Type,MATCH(LARGE(Pil_Score,B50),Pil_Score,0))) | I50: =IF(C50="","",INDEX(Pil_Units,MATCH(LARGE(Pil_Score,B50),Pil_Score,0)))
B51: 7 | C51: =IF(LARGE(Pil_Score,B51)<0,"",INDEX(Pil_Label,MATCH(LARGE(Pil_Score,B51),Pil_Score,0))) | G51: =IF(C51="","",INDEX(Pil_Type,MATCH(LARGE(Pil_Score,B51),Pil_Score,0))) | I51: =IF(C51="","",INDEX(Pil_Units,MATCH(LARGE(Pil_Score,B51),Pil_Score,0)))
B52: 8 | C52: =IF(LARGE(Pil_Score,B52)<0,"",INDEX(Pil_Label,MATCH(LARGE(Pil_Score,B52),Pil_Score,0))) | G52: =IF(C52="","",INDEX(Pil_Type,MATCH(LARGE(Pil_Score,B52),Pil_Score,0))) | I52: =IF(C52="","",INDEX(Pil_Units,MATCH(LARGE(Pil_Score,B52),Pil_Score,0)))
B53: 9 | C53: =IF(LARGE(Pil_Score,B53)<0,"",INDEX(Pil_Label,MATCH(LARGE(Pil_Score,B53),Pil_Score,0))) | G53: =IF(C53="","",INDEX(Pil_Type,MATCH(LARGE(Pil_Score,B53),Pil_Score,0))) | I53: =IF(C53="","",INDEX(Pil_Units,MATCH(LARGE(Pil_Score,B53),Pil_Score,0)))
B54: 10 | C54: =IF(LARGE(Pil_Score,B54)<0,"",INDEX(Pil_Label,MATCH(LARGE(Pil_Score,B54),Pil_Score,0))) | G54: =IF(C54="","",INDEX(Pil_Type,MATCH(LARGE(Pil_Score,B54),Pil_Score,0))) | I54: =IF(C54="","",INDEX(Pil_Units,MATCH(LARGE(Pil_Score,B54),Pil_Score,0)))
B57: WEEK-BY-WEEK TREND
B58: Pilot Week | D58: Days | F58: Refill Events | H58: Units Placed | J58: Feedback | L58: Avg Rating | N58: Concerns | P58: Empty on Arrival
B59: Week 1 | D59: ="1–"&MIN(7,cfg_PilotDays) | F59: =COUNTIFS(RL_Day,">=1",RL_Day,"<=7") | H59: =SUMIFS(RL_Added,RL_Day,">=1",RL_Day,"<=7") | J59: =COUNTIFS(FB_Day,">=1",FB_Day,"<=7") | L59: =IFERROR(AVERAGEIFS(FB_Rating,FB_Day,">=1",FB_Day,"<=7"),"—") | N59: =COUNTIFS(FB_Day,">=1",FB_Day,"<=7",FB_Type,"Concern") | P59: =COUNTIFS(RL_Day,">=1",RL_Day,"<=7",RL_Before,0,RL_Days,">=0")
B60: Week 2 | D60: ="8–"&MIN(14,cfg_PilotDays) | F60: =COUNTIFS(RL_Day,">=8",RL_Day,"<=14") | H60: =SUMIFS(RL_Added,RL_Day,">=8",RL_Day,"<=14") | J60: =COUNTIFS(FB_Day,">=8",FB_Day,"<=14") | L60: =IFERROR(AVERAGEIFS(FB_Rating,FB_Day,">=8",FB_Day,"<=14"),"—") | N60: =COUNTIFS(FB_Day,">=8",FB_Day,"<=14",FB_Type,"Concern") | P60: =COUNTIFS(RL_Day,">=8",RL_Day,"<=14",RL_Before,0,RL_Days,">=0")
B61: Week 3 | D61: ="15–"&MIN(21,cfg_PilotDays) | F61: =COUNTIFS(RL_Day,">=15",RL_Day,"<=21") | H61: =SUMIFS(RL_Added,RL_Day,">=15",RL_Day,"<=21") | J61: =COUNTIFS(FB_Day,">=15",FB_Day,"<=21") | L61: =IFERROR(AVERAGEIFS(FB_Rating,FB_Day,">=15",FB_Day,"<=21"),"—") | N61: =COUNTIFS(FB_Day,">=15",FB_Day,"<=21",FB_Type,"Concern") | P61: =COUNTIFS(RL_Day,">=15",RL_Day,"<=21",RL_Before,0,RL_Days,">=0")
B62: Week 4 | D62: ="22–"&MIN(28,cfg_PilotDays) | F62: =COUNTIFS(RL_Day,">=22",RL_Day,"<=28") | H62: =SUMIFS(RL_Added,RL_Day,">=22",RL_Day,"<=28") | J62: =COUNTIFS(FB_Day,">=22",FB_Day,"<=28") | L62: =IFERROR(AVERAGEIFS(FB_Rating,FB_Day,">=22",FB_Day,"<=28"),"—") | N62: =COUNTIFS(FB_Day,">=22",FB_Day,"<=28",FB_Type,"Concern") | P62: =COUNTIFS(RL_Day,">=22",RL_Day,"<=28",RL_Before,0,RL_Days,">=0")
B63: Week 5 | D63: ="29–"&MIN(35,cfg_PilotDays) | F63: =COUNTIFS(RL_Day,">=29",RL_Day,"<=35") | H63: =SUMIFS(RL_Added,RL_Day,">=29",RL_Day,"<=35") | J63: =COUNTIFS(FB_Day,">=29",FB_Day,"<=35") | L63: =IFERROR(AVERAGEIFS(FB_Rating,FB_Day,">=29",FB_Day,"<=35"),"—") | N63: =COUNTIFS(FB_Day,">=29",FB_Day,"<=35",FB_Type,"Concern") | P63: =COUNTIFS(RL_Day,">=29",RL_Day,"<=35",RL_Before,0,RL_Days,">=0")
B64: Week 6 | D64: ="36–"&MIN(42,cfg_PilotDays) | F64: =COUNTIFS(RL_Day,">=36",RL_Day,"<=42") | H64: =SUMIFS(RL_Added,RL_Day,">=36",RL_Day,"<=42") | J64: =COUNTIFS(FB_Day,">=36",FB_Day,"<=42") | L64: =IFERROR(AVERAGEIFS(FB_Rating,FB_Day,">=36",FB_Day,"<=42"),"—") | N64: =COUNTIFS(FB_Day,">=36",FB_Day,"<=42",FB_Type,"Concern") | P64: =COUNTIFS(RL_Day,">=36",RL_Day,"<=42",RL_Before,0,RL_Days,">=0")
B65: Week 7 | D65: ="43–"&MIN(49,cfg_PilotDays) | F65: =COUNTIFS(RL_Day,">=43",RL_Day,"<=49") | H65: =SUMIFS(RL_Added,RL_Day,">=43",RL_Day,"<=49") | J65: =COUNTIFS(FB_Day,">=43",FB_Day,"<=49") | L65: =IFERROR(AVERAGEIFS(FB_Rating,FB_Day,">=43",FB_Day,"<=49"),"—") | N65: =COUNTIFS(FB_Day,">=43",FB_Day,"<=49",FB_Type,"Concern") | P65: =COUNTIFS(RL_Day,">=43",RL_Day,"<=49",RL_Before,0,RL_Days,">=0")
B66: Week 8 | D66: ="50–"&MIN(56,cfg_PilotDays) | F66: =COUNTIFS(RL_Day,">=50",RL_Day,"<=56") | H66: =SUMIFS(RL_Added,RL_Day,">=50",RL_Day,"<=56") | J66: =COUNTIFS(FB_Day,">=50",FB_Day,"<=56") | L66: =IFERROR(AVERAGEIFS(FB_Rating,FB_Day,">=50",FB_Day,"<=56"),"—") | N66: =COUNTIFS(FB_Day,">=50",FB_Day,"<=56",FB_Type,"Concern") | P66: =COUNTIFS(RL_Day,">=50",RL_Day,"<=56",RL_Before,0,RL_Days,">=0")
B67: Week 9 | D67: ="57–"&MIN(63,cfg_PilotDays) | F67: =COUNTIFS(RL_Day,">=57",RL_Day,"<=63") | H67: =SUMIFS(RL_Added,RL_Day,">=57",RL_Day,"<=63") | J67: =COUNTIFS(FB_Day,">=57",FB_Day,"<=63") | L67: =IFERROR(AVERAGEIFS(FB_Rating,FB_Day,">=57",FB_Day,"<=63"),"—") | N67: =COUNTIFS(FB_Day,">=57",FB_Day,"<=63",FB_Type,"Concern") | P67: =COUNTIFS(RL_Day,">=57",RL_Day,"<=63",RL_Before,0,RL_Days,">=0")

Sheet Tasks
B1: =cfg_Site&" Operations Hub · Office" | O1: =cfg_AsOf
B2: ⌂ HOME | C2: ⚙ CONTROL | D2: INVENTORY | E2: ✎ COUNT | F2: ✎ RECEIVE | H2: ORDERS | I2: ◧ INV. DASH | J2: PILOT ITEMS | K2: ✎ RESTOCK | L2: ✎ FEEDBACK | N2: ◧ PILOT DASH | P2: ✎ TASKS
B3: Office tasks with an owner and a due date — type only the BLUE columns. Set Status to Done when finished; overdue work is flagged here and on Home.
B5: Task | C5: Owner | D5: Due Date | E5: Priority | F5: Status | G5: Category | H5: Notes | I5: Days Left | J5: Flag | K5: Task ID
I6: =IF(OR(B6="",D6="",F6="Done"),"",D6-cfg_AsOf) | J6: =IF(B6="","",IF(F6="Done","DONE",IF(D6="","NO DATE",IF(D6<cfg_AsOf,"OVERDUE",IF(D6-cfg_AsOf<=3,"DUE SOON","ON TRACK"))))) | K6: =IF(B6="","","TSK-"&TEXT(ROW()-5,"0000"))
I7: =IF(OR(B7="",D7="",F7="Done"),"",D7-cfg_AsOf) | J7: =IF(B7="","",IF(F7="Done","DONE",IF(D7="","NO DATE",IF(D7<cfg_AsOf,"OVERDUE",IF(D7-cfg_AsOf<=3,"DUE SOON","ON TRACK"))))) | K7: =IF(B7="","","TSK-"&TEXT(ROW()-5,"0000"))
I8: =IF(OR(B8="",D8="",F8="Done"),"",D8-cfg_AsOf) | J8: =IF(B8="","",IF(F8="Done","DONE",IF(D8="","NO DATE",IF(D8<cfg_AsOf,"OVERDUE",IF(D8-cfg_AsOf<=3,"DUE SOON","ON TRACK"))))) | K8: =IF(B8="","","TSK-"&TEXT(ROW()-5,"0000"))
I9: =IF(OR(B9="",D9="",F9="Done"),"",D9-cfg_AsOf) | J9: =IF(B9="","",IF(F9="Done","DONE",IF(D9="","NO DATE",IF(D9<cfg_AsOf,"OVERDUE",IF(D9-cfg_AsOf<=3,"DUE SOON","ON TRACK"))))) | K9: =IF(B9="","","TSK-"&TEXT(ROW()-5,"0000"))
I10: =IF(OR(B10="",D10="",F10="Done"),"",D10-cfg_AsOf) | J10: =IF(B10="","",IF(F10="Done","DONE",IF(D10="","NO DATE",IF(D10<cfg_AsOf,"OVERDUE",IF(D10-cfg_AsOf<=3,"DUE SOON","ON TRACK"))))) | K10: =IF(B10="","","TSK-"&TEXT(ROW()-5,"0000"))
I11: =IF(OR(B11="",D11="",F11="Done"),"",D11-cfg_AsOf) | J11: =IF(B11="","",IF(F11="Done","DONE",IF(D11="","NO DATE",IF(D11<cfg_AsOf,"OVERDUE",IF(D11-cfg_AsOf<=3,"DUE SOON","ON TRACK"))))) | K11: =IF(B11="","","TSK-"&TEXT(ROW()-5,"0000"))
I12: =IF(OR(B12="",D12="",F12="Done"),"",D12-cfg_AsOf) | J12: =IF(B12="","",IF(F12="Done","DONE",IF(D12="","NO DATE",IF(D12<cfg_AsOf,"OVERDUE",IF(D12-cfg_AsOf<=3,"DUE SOON","ON TRACK"))))) | K12: =IF(B12="","","TSK-"&TEXT(ROW()-5,"0000"))
I13: =IF(OR(B13="",D13="",F13="Done"),"",D13-cfg_AsOf) | J13: =IF(B13="","",IF(F13="Done","DONE",IF(D13="","NO DATE",IF(D13<cfg_AsOf,"OVERDUE",IF(D13-cfg_AsOf<=3,"DUE SOON","ON TRACK"))))) | K13: =IF(B13="","","TSK-"&TEXT(ROW()-5,"0000"))
I14: =IF(OR(B14="",D14="",F14="Done"),"",D14-cfg_AsOf) | J14: =IF(B14="","",IF(F14="Done","DONE",IF(D14="","NO DATE",IF(D14<cfg_AsOf,"OVERDUE",IF(D14-cfg_AsOf<=3,"DUE SOON","ON TRACK"))))) | K14: =IF(B14="","","TSK-"&TEXT(ROW()-5,"0000"))
I15: =IF(OR(B15="",D15="",F15="Done"),"",D15-cfg_AsOf) | J15: =IF(B15="","",IF(F15="Done","DONE",IF(D15="","NO DATE",IF(D15<cfg_AsOf,"OVERDUE",IF(D15-cfg_AsOf<=3,"DUE SOON","ON TRACK"))))) | K15: =IF(B15="","","TSK-"&TEXT(ROW()-5,"0000"))
I16: =IF(OR(B16="",D16="",F16="Done"),"",D16-cfg_AsOf) | J16: =IF(B16="","",IF(F16="Done","DONE",IF(D16="","NO DATE",IF(D16<cfg_AsOf,"OVERDUE",IF(D16-cfg_AsOf<=3,"DUE SOON","ON TRACK"))))) | K16: =IF(B16="","","TSK-"&TEXT(ROW()-5,"0000"))
I17: =IF(OR(B17="",D17="",F17="Done"),"",D17-cfg_AsOf) | J17: =IF(B17="","",IF(F17="Done","DONE",IF(D17="","NO DATE",IF(D17<cfg_AsOf,"OVERDUE",IF(D17-cfg_AsOf<=3,"DUE SOON","ON TRACK"))))) | K17: =IF(B17="","","TSK-"&TEXT(ROW()-5,"0000"))
... I505: =IF(OR(B505="",D505="",F505="Done"),"",D505-cfg_AsOf) | J505: =IF(B505="","",IF(F505="Done","DONE",IF(D505="","NO DATE",IF(D505<cfg_AsOf,"OVERDUE",IF(D505-cfg_AsOf<=3,"DUE SOON","ON TRACK"))))) | K505: =IF(B505="","","TSK-"&TEXT(ROW()-5,"0000"))

Sheet Source Data
B1: =cfg_Site&" Operations Hub · Source Data" | O1: =cfg_AsOf
B2: ⌂ HOME | C2: ⚙ CONTROL | D2: INVENTORY | E2: ✎ COUNT | F2: ✎ RECEIVE | G2: ORDERS | H2: ◧ INV. DASH | I2: PILOT ITEMS | K2: ✎ RESTOCK | L2: ✎ FEEDBACK | N2: ◧ PILOT DASH | P2: ✎ TASKS
B3: Product master from the source file. To launch another office: clear this table and paste Category, Item Name, Item #, Recent Date Received, Expiration Date and PAR Value from the new source file (values only, no blank rows). Supplier and Unit Cost are optional.
B5: Category | C5: Item Name | D5: Item # | E5: Recent Date Received | F5: Expiration Date | G5: PAR Value | H5: Supplier | I5: Unit Cost | J5: Pilot Type Override
B6: Artificial Sweetener | C6: Dulce Caña Sweetener 2000ct (boxes) no Cal cs Diet | D6: 2906804 | F6: 46348
B7: Sweeterner | C7: Dulce Caña Sweetener 2000ct (boxes) 100% pure caña cs | D7: 2903877 | F7: 46345
B8: Sweeterner | C8: Dulce Caña Sweetener 2000ct (boxes) Turbinado sugar cs | D8: 2904172 | F8: 46442
B9: Sweeterner | C9: Honey Stick Ginger 100ct 1lb cs | D9: X002LPW903 | F9: 46143
B10: Sweeterner | C10: Honey Stick Cinnamon 100ct 1lb cs | D10: X001LR99JZ | F10: 46082
B11: Sweeterner | C11: Honey Stick Wildflower 100ct 1lb cs | D11: X001RF1Q6P | F11: 46296
B12: Coffee | C12: Nescafe espresso whole rosted coffee beans 6 X2LB (907g) cs | D12: 12452496 | F12: 46058
B13: Coffee | C13: Neslet Alegria beverage frothy mix 8X2LB (907g) cs | D13: G11000339 | F13: 46296
B14: Coffee | C14: Nescafe Tradicional Molido 6 X1.10LB (500g) cs | D14: 8800650 | F14: 46296
B15: Coffee | C15: Nescafe Fresch Vainilla 6 X2LB (907g) cs | F15: 46328
B16: Teabags | C16: TAZO Tea bags 48ct Diffrent Flavors cs | D16: 46307 | F16: 46328
B17: Hot Cup | C17: Nescafe Cups 12oz 1000ct cs | D17: 5562 | F17: N/A
B18: Hot Drink Lid | C18: Nescafe Cups Lids 12oz 1000ct cs | D18: 23A0942 | F18: N/A
B19: Stirrers | C19: 5.5' Wood Coffee Strirrers 1000ct cs | D19: WCS100 | F19: N/A
B20: Cold cup | C20: Member's Mark Heavy Duty Cup 240ct 18oz | D20: ZR0503819 | F20: N/A
B21: Utensils | C21: Member's Mark white plastic fork 600ct cs | D21: 31325 | F21: N/A
B22: Utensils | C22: Member's Mark white plastic spoons 600ct cs | F22: N/A
B23: Utensils | C23: Member's Mark white plastic knive 600ct cs | F23: N/A
B24: Utensils | C24: Servings 10' pastic plates 100ct | D24: 2723 | F24: N/A
B25: Utensils | C25: servings 6' pastic plates 200ct | D25: MCP6200 | F25: N/A
B26: Uncategorized | C26: Bounty 2 Rolls
B27: Paper Towels | C27: Bounty 8 triple Rolls | D27: 21334458 | F27: N/A
B28: Clening | C28: Clorox wipes, desinfecting wipes 85 ct | D28: 20A2306 | F28: N/A
B29: Clening | C29: Lysol 3xpack desinfecting spray | D29: 326484 | F29: N/A
B30: Soap | C30: Palmolive essential clean 12.6oz | D30: P9937519 | F30: N/A
B31: Hand Soap | C31: Softsoap Antibacterial Liquid Hand Soap, Crisp Clean Scent | D31: 9941923 | F31: N/A
B32: Cold cup | C32: RED Cups 16oz 250ct | F32: N/A
B33: Popcorn | C33: Skinny Pop | D33: 28400676571 | F33: 46168 | G33: 2
B34: Pretzels . Crackers. Chips | C34: Frito Lay Flavor Mix | D34: 1019 | F34: 46082 | G34: 0
B35: Pretzels . Crackers. Chips | C35: Frito Lay Clasic Mix | D35: 1676 | F35: 46096 | G35: 2
B36: Pretzels . Crackers. Chips | C36: Pringles Snack Stacks | F36: 46266 | G36: 2
B37: Nut | C37: Planters Variety Pack | F37: Not Available | G37: 2
B38: Pretzels . Crackers. Chips | C38: Frito Lay Sunchips Mix | D38: 8347 | F38: Not Available | G38: 2
B39: Cookie. Biscuit | C39: Keebler Fudge Stripes Mini | D39: 2917 | F39: 46104 | G39: 2
B40: Cookie. Biscuit | C40: Keebler Chips Deluxe Mini | D40: 34856840688 | F40: 46143 | G40: 2
B41: Candy | C41: Thank You Mint | D41: 1816483 | F41: N/A | G41: 6
B42: Cookie. Biscuit | C42: Nabisco Variett Pack | D42: 8136 | F42: 46174 | G42: 2
B43: Cookie. Biscuit | C43: Milano doblle dark chocolate | F43: Not Available | G43: 2
B44: Pretzels . Crackers. Chips | C44: Pop Chips | F44: Not Available | G44: 0
B45: Popcorn | C45: Popcooners | F45: Not Available | G45: 0
B46: Cookie. Biscuit | C46: Cameon | F46: Not Available | G46: 2
B47: Cookie. Biscuit | C47: Bimbo | F47: Not Available | G47: 2
B48: Cookie. Biscuit | C48: Nabisco cookis pack | F48: Not Available | G48: 2
B49: Healthy Snacks | C49: Probiotic Immune Snack Packs 24 bags 1.2oz | F49: 46252

Sheet _Engine
A1: Idx | B1: Category | C1: Item Name | D1: Item # | E1: Label | F1: Received | G1: PAR | H1: CatIdx | I1: PilotType | J1: PilotIdx | K1: WatchScore | L1: Expiry | M1: k | N1: Category | O1: OrderUnits | P1: Score | Q1: ItemsToOrder | S1: k | T1: SrcRow | U1: PilotLabel | V1: PilotType | W1: Units | X1: Score | Z1: FeedbackProducts | AB1: ExpiryScore | AC1: Supplier | AD1: UnitCost
A2: 1 | B2: =IF('Source Data'!$C6="","",IF('Source Data'!B6="","Uncategorized",'Source Data'!B6)) | C2: =IF('Source Data'!$C6="","",TRIM('Source Data'!C6)) | D2: =IF(OR('Source Data'!$C6="",'Source Data'!D6=""),"",'Source Data'!D6) | E2: =IF(C2="","",IF(COUNTIF($C$2:$C$301,C2)>1,C2&" (#"&D2&")",C2)) | F2: =IF(OR('Source Data'!$C6="",'Source Data'!E6=""),"",'Source Data'!E6) | G2: =IF(OR('Source Data'!$C6="",'Source Data'!G6=""),"",'Source Data'!G6) | H2: =IF(B2="","",IF(COUNTIF($B$2:B2,B2)=1,MAX($H$1:H1)+1,"")) | I2: =IF(C2="","",IF('Source Data'!J6="Not in Pilot","",IF('Source Data'!J6<>"",'Source Data'!J6,IF(COUNTIF(SnackCats,B2)>0,"Snack",IF(COUNTIF(BevCats,B2)>0,"Beverage",""))))) | J2: =IF(I2="","",COUNTIF($I$2:I2,"Snack")+COUNTIF($I$2:I2,"Beverage")) | K2: =IF(OR('Inventory Master'!J6="CRITICAL",'Inventory Master'!J6="LOW"),'Inventory Master'!I6+A2/1000000,"") | L2: =IF(OR('Source Data'!$C6="",'Source Data'!F6=""),"",'Source Data'!F6) | M2: 1 | N2: =IFERROR(INDEX(Eng_Cat,MATCH(M2,$H$2:$H$301,0)),"") | O2: =IF(N2="","",SUMIFS(OL_Qty,OL_Cat,N2)) | P2: =IF(N2="",-1,O2+(1000-M2)/10000) | Q2: =IF(N2="","",COUNTIFS(OL_Cat,N2,OL_Flag,"ORDER")) | S2: 1 | T2: =IFERROR(MATCH(S2,Eng_PilotIdx,0),"") | U2: =IF(T2="","",INDEX(Eng_Label,T2)) | V2: =IF(T2="","",INDEX('_Engine'!$I$2:$I$301,T2)) | W2: =IF(U2="","",SUMIFS(RL_Added,RL_Prod,U2)) | X2: =IF(U2="",-1,W2+(1000-S2)/10000) | Z2: Pantry — General | AB2: =IF(ISNUMBER(L2),L2+A2/1000000,"") | AC2: =IF(OR('Source Data'!$C6="",'Source Data'!H6=""),"",'Source Data'!H6) | AD2: =IF(OR('Source Data'!$C6="",'Source Data'!I6=""),"",'Source Data'!I6)
A3: 2 | B3: =IF('Source Data'!$C7="","",IF('Source Data'!B7="","Uncategorized",'Source Data'!B7)) | C3: =IF('Source Data'!$C7="","",TRIM('Source Data'!C7)) | D3: =IF(OR('Source Data'!$C7="",'Source Data'!D7=""),"",'Source Data'!D7) | E3: =IF(C3="","",IF(COUNTIF($C$2:$C$301,C3)>1,C3&" (#"&D3&")",C3)) | F3: =IF(OR('Source Data'!$C7="",'Source Data'!E7=""),"",'Source Data'!E7) | G3: =IF(OR('Source Data'!$C7="",'Source Data'!G7=""),"",'Source Data'!G7) | H3: =IF(B3="","",IF(COUNTIF($B$2:B3,B3)=1,MAX($H$1:H2)+1,"")) | I3: =IF(C3="","",IF('Source Data'!J7="Not in Pilot","",IF('Source Data'!J7<>"",'Source Data'!J7,IF(COUNTIF(SnackCats,B3)>0,"Snack",IF(COUNTIF(BevCats,B3)>0,"Beverage",""))))) | J3: =IF(I3="","",COUNTIF($I$2:I3,"Snack")+COUNTIF($I$2:I3,"Beverage")) | K3: =IF(OR('Inventory Master'!J7="CRITICAL",'Inventory Master'!J7="LOW"),'Inventory Master'!I7+A3/1000000,"") | L3: =IF(OR('Source Data'!$C7="",'Source Data'!F7=""),"",'Source Data'!F7) | M3: 2 | N3: =IFERROR(INDEX(Eng_Cat,MATCH(M3,$H$2:$H$301,0)),"") | O3: =IF(N3="","",SUMIFS(OL_Qty,OL_Cat,N3)) | P3: =IF(N3="",-1,O3+(1000-M3)/10000) | Q3: =IF(N3="","",COUNTIFS(OL_Cat,N3,OL_Flag,"ORDER")) | S3: 2 | T3: =IFERROR(MATCH(S3,Eng_PilotIdx,0),"") | U3: =IF(T3="","",INDEX(Eng_Label,T3)) | V3: =IF(T3="","",INDEX('_Engine'!$I$2:$I$301,T3)) | W3: =IF(U3="","",SUMIFS(RL_Added,RL_Prod,U3)) | X3: =IF(U3="",-1,W3+(1000-S3)/10000) | Z3: =U2 | AB3: =IF(ISNUMBER(L3),L3+A3/1000000,"") | AC3: =IF(OR('Source Data'!$C7="",'Source Data'!H7=""),"",'Source Data'!H7) | AD3: =IF(OR('Source Data'!$C7="",'Source Data'!I7=""),"",'Source Data'!I7)
A4: 3 | B4: =IF('Source Data'!$C8="","",IF('Source Data'!B8="","Uncategorized",'Source Data'!B8)) | C4: =IF('Source Data'!$C8="","",TRIM('Source Data'!C8)) | D4: =IF(OR('Source Data'!$C8="",'Source Data'!D8=""),"",'Source Data'!D8) | E4: =IF(C4="","",IF(COUNTIF($C$2:$C$301,C4)>1,C4&" (#"&D4&")",C4)) | F4: =IF(OR('Source Data'!$C8="",'Source Data'!E8=""),"",'Source Data'!E8) | G4: =IF(OR('Source Data'!$C8="",'Source Data'!G8=""),"",'Source Data'!G8) | H4: =IF(B4="","",IF(COUNTIF($B$2:B4,B4)=1,MAX($H$1:H3)+1,"")) | I4: =IF(C4="","",IF('Source Data'!J8="Not in Pilot","",IF('Source Data'!J8<>"",'Source Data'!J8,IF(COUNTIF(SnackCats,B4)>0,"Snack",IF(COUNTIF(BevCats,B4)>0,"Beverage",""))))) | J4: =IF(I4="","",COUNTIF($I$2:I4,"Snack")+COUNTIF($I$2:I4,"Beverage")) | K4: =IF(OR('Inventory Master'!J8="CRITICAL",'Inventory Master'!J8="LOW"),'Inventory Master'!I8+A4/1000000,"") | L4: =IF(OR('Source Data'!$C8="",'Source Data'!F8=""),"",'Source Data'!F8) | M4: 3 | N4: =IFERROR(INDEX(Eng_Cat,MATCH(M4,$H$2:$H$301,0)),"") | O4: =IF(N4="","",SUMIFS(OL_Qty,OL_Cat,N4)) | P4: =IF(N4="",-1,O4+(1000-M4)/10000) | Q4: =IF(N4="","",COUNTIFS(OL_Cat,N4,OL_Flag,"ORDER")) | S4: 3 | T4: =IFERROR(MATCH(S4,Eng_PilotIdx,0),"") | U4: =IF(T4="","",INDEX(Eng_Label,T4)) | V4: =IF(T4="","",INDEX('_Engine'!$I$2:$I$301,T4)) | W4: =IF(U4="","",SUMIFS(RL_Added,RL_Prod,U4)) | X4: =IF(U4="",-1,W4+(1000-S4)/10000) | Z4: =U3 | AB4: =IF(ISNUMBER(L4),L4+A4/1000000,"") | AC4: =IF(OR('Source Data'!$C8="",'Source Data'!H8=""),"",'Source Data'!H8) | AD4: =IF(OR('Source Data'!$C8="",'Source Data'!I8=""),"",'Source Data'!I8)
A5: 4 | B5: =IF('Source Data'!$C9="","",IF('Source Data'!B9="","Uncategorized",'Source Data'!B9)) | C5: =IF('Source Data'!$C9="","",TRIM('Source Data'!C9)) | D5: =IF(OR('Source Data'!$C9="",'Source Data'!D9=""),"",'Source Data'!D9) | E5: =IF(C5="","",IF(COUNTIF($C$2:$C$301,C5)>1,C5&" (#"&D5&")",C5)) | F5: =IF(OR('Source Data'!$C9="",'Source Data'!E9=""),"",'Source Data'!E9) | G5: =IF(OR('Source Data'!$C9="",'Source Data'!G9=""),"",'Source Data'!G9) | H5: =IF(B5="","",IF(COUNTIF($B$2:B5,B5)=1,MAX($H$1:H4)+1,"")) | I5: =IF(C5="","",IF('Source Data'!J9="Not in Pilot","",IF('Source Data'!J9<>"",'Source Data'!J9,IF(COUNTIF(SnackCats,B5)>0,"Snack",IF(COUNTIF(BevCats,B5)>0,"Beverage",""))))) | J5: =IF(I5="","",COUNTIF($I$2:I5,"Snack")+COUNTIF($I$2:I5,"Beverage")) | K5: =IF(OR('Inventory Master'!J9="CRITICAL",'Inventory Master'!J9="LOW"),'Inventory Master'!I9+A5/1000000,"") | L5: =IF(OR('Source Data'!$C9="",'Source Data'!F9=""),"",'Source Data'!F9) | M5: 4 | N5: =IFERROR(INDEX(Eng_Cat,MATCH(M5,$H$2:$H$301,0)),"") | O5: =IF(N5="","",SUMIFS(OL_Qty,OL_Cat,N5)) | P5: =IF(N5="",-1,O5+(1000-M5)/10000) | Q5: =IF(N5="","",COUNTIFS(OL_Cat,N5,OL_Flag,"ORDER")) | S5: 4 | T5: =IFERROR(MATCH(S5,Eng_PilotIdx,0),"") | U5: =IF(T5="","",INDEX(Eng_Label,T5)) | V5: =IF(T5="","",INDEX('_Engine'!$I$2:$I$301,T5)) | W5: =IF(U5="","",SUMIFS(RL_Added,RL_Prod,U5)) | X5: =IF(U5="",-1,W5+(1000-S5)/10000) | Z5: =U4 | AB5: =IF(ISNUMBER(L5),L5+A5/1000000,"") | AC5: =IF(OR('Source Data'!$C9="",'Source Data'!H9=""),"",'Source Data'!H9) | AD5: =IF(OR('Source Data'!$C9="",'Source Data'!I9=""),"",'Source Data'!I9)
A6: 5 | B6: =IF('Source Data'!$C10="","",IF('Source Data'!B10="","Uncategorized",'Source Data'!B10)) | C6: =IF('Source Data'!$C10="","",TRIM('Source Data'!C10)) | D6: =IF(OR('Source Data'!$C10="",'Source Data'!D10=""),"",'Source Data'!D10) | E6: =IF(C6="","",IF(COUNTIF($C$2:$C$301,C6)>1,C6&" (#"&D6&")",C6)) | F6: =IF(OR('Source Data'!$C10="",'Source Data'!E10=""),"",'Source Data'!E10) | G6: =IF(OR('Source Data'!$C10="",'Source Data'!G10=""),"",'Source Data'!G10) | H6: =IF(B6="","",IF(COUNTIF($B$2:B6,B6)=1,MAX($H$1:H5)+1,"")) | I6: =IF(C6="","",IF('Source Data'!J10="Not in Pilot","",IF('Source Data'!J10<>"",'Source Data'!J10,IF(COUNTIF(SnackCats,B6)>0,"Snack",IF(COUNTIF(BevCats,B6)>0,"Beverage",""))))) | J6: =IF(I6="","",COUNTIF($I$2:I6,"Snack")+COUNTIF($I$2:I6,"Beverage")) | K6: =IF(OR('Inventory Master'!J10="CRITICAL",'Inventory Master'!J10="LOW"),'Inventory Master'!I10+A6/1000000,"") | L6: =IF(OR('Source Data'!$C10="",'Source Data'!F10=""),"",'Source Data'!F10) | M6: 5 | N6: =IFERROR(INDEX(Eng_Cat,MATCH(M6,$H$2:$H$301,0)),"") | O6: =IF(N6="","",SUMIFS(OL_Qty,OL_Cat,N6)) | P6: =IF(N6="",-1,O6+(1000-M6)/10000) | Q6: =IF(N6="","",COUNTIFS(OL_Cat,N6,OL_Flag,"ORDER")) | S6: 5 | T6: =IFERROR(MATCH(S6,Eng_PilotIdx,0),"") | U6: =IF(T6="","",INDEX(Eng_Label,T6)) | V6: =IF(T6="","",INDEX('_Engine'!$I$2:$I$301,T6)) | W6: =IF(U6="","",SUMIFS(RL_Added,RL_Prod,U6)) | X6: =IF(U6="",-1,W6+(1000-S6)/10000) | Z6: =U5 | AB6: =IF(ISNUMBER(L6),L6+A6/1000000,"") | AC6: =IF(OR('Source Data'!$C10="",'Source Data'!H10=""),"",'Source Data'!H10) | AD6: =IF(OR('Source Data'!$C10="",'Source Data'!I10=""),"",'Source Data'!I10)
A7: 6 | B7: =IF('Source Data'!$C11="","",IF('Source Data'!B11="","Uncategorized",'Source Data'!B11)) | C7: =IF('Source Data'!$C11="","",TRIM('Source Data'!C11)) | D7: =IF(OR('Source Data'!$C11="",'Source Data'!D11=""),"",'Source Data'!D11) | E7: =IF(C7="","",IF(COUNTIF($C$2:$C$301,C7)>1,C7&" (#"&D7&")",C7)) | F7: =IF(OR('Source Data'!$C11="",'Source Data'!E11=""),"",'Source Data'!E11) | G7: =IF(OR('Source Data'!$C11="",'Source Data'!G11=""),"",'Source Data'!G11) | H7: =IF(B7="","",IF(COUNTIF($B$2:B7,B7)=1,MAX($H$1:H6)+1,"")) | I7: =IF(C7="","",IF('Source Data'!J11="Not in Pilot","",IF('Source Data'!J11<>"",'Source Data'!J11,IF(COUNTIF(SnackCats,B7)>0,"Snack",IF(COUNTIF(BevCats,B7)>0,"Beverage",""))))) | J7: =IF(I7="","",COUNTIF($I$2:I7,"Snack")+COUNTIF($I$2:I7,"Beverage")) | K7: =IF(OR('Inventory Master'!J11="CRITICAL",'Inventory Master'!J11="LOW"),'Inventory Master'!I11+A7/1000000,"") | L7: =IF(OR('Source Data'!$C11="",'Source Data'!F11=""),"",'Source Data'!F11) | M7: 6 | N7: =IFERROR(INDEX(Eng_Cat,MATCH(M7,$H$2:$H$301,0)),"") | O7: =IF(N7="","",SUMIFS(OL_Qty,OL_Cat,N7)) | P7: =IF(N7="",-1,O7+(1000-M7)/10000) | Q7: =IF(N7="","",COUNTIFS(OL_Cat,N7,OL_Flag,"ORDER")) | S7: 6 | T7: =IFERROR(MATCH(S7,Eng_PilotIdx,0),"") | U7: =IF(T7="","",INDEX(Eng_Label,T7)) | V7: =IF(T7="","",INDEX('_Engine'!$I$2:$I$301,T7)) | W7: =IF(U7="","",SUMIFS(RL_Added,RL_Prod,U7)) | X7: =IF(U7="",-1,W7+(1000-S7)/10000) | Z7: =U6 | AB7: =IF(ISNUMBER(L7),L7+A7/1000000,"") | AC7: =IF(OR('Source Data'!$C11="",'Source Data'!H11=""),"",'Source Data'!H11) | AD7: =IF(OR('Source Data'!$C11="",'Source Data'!I11=""),"",'Source Data'!I11)
A8: 7 | B8: =IF('Source Data'!$C12="","",IF('Source Data'!B12="","Uncategorized",'Source Data'!B12)) | C8: =IF('Source Data'!$C12="","",TRIM('Source Data'!C12)) | D8: =IF(OR('Source Data'!$C12="",'Source Data'!D12=""),"",'Source Data'!D12) | E8: =IF(C8="","",IF(COUNTIF($C$2:$C$301,C8)>1,C8&" (#"&D8&")",C8)) | F8: =IF(OR('Source Data'!$C12="",'Source Data'!E12=""),"",'Source Data'!E12) | G8: =IF(OR('Source Data'!$C12="",'Source Data'!G12=""),"",'Source Data'!G12) | H8: =IF(B8="","",IF(COUNTIF($B$2:B8,B8)=1,MAX($H$1:H7)+1,"")) | I8: =IF(C8="","",IF('Source Data'!J12="Not in Pilot","",IF('Source Data'!J12<>"",'Source Data'!J12,IF(COUNTIF(SnackCats,B8)>0,"Snack",IF(COUNTIF(BevCats,B8)>0,"Beverage",""))))) | J8: =IF(I8="","",COUNTIF($I$2:I8,"Snack")+COUNTIF($I$2:I8,"Beverage")) | K8: =IF(OR('Inventory Master'!J12="CRITICAL",'Inventory Master'!J12="LOW"),'Inventory Master'!I12+A8/1000000,"") | L8: =IF(OR('Source Data'!$C12="",'Source Data'!F12=""),"",'Source Data'!F12) | M8: 7 | N8: =IFERROR(INDEX(Eng_Cat,MATCH(M8,$H$2:$H$301,0)),"") | O8: =IF(N8="","",SUMIFS(OL_Qty,OL_Cat,N8)) | P8: =IF(N8="",-1,O8+(1000-M8)/10000) | Q8: =IF(N8="","",COUNTIFS(OL_Cat,N8,OL_Flag,"ORDER")) | S8: 7 | T8: =IFERROR(MATCH(S8,Eng_PilotIdx,0),"") | U8: =IF(T8="","",INDEX(Eng_Label,T8)) | V8: =IF(T8="","",INDEX('_Engine'!$I$2:$I$301,T8)) | W8: =IF(U8="","",SUMIFS(RL_Added,RL_Prod,U8)) | X8: =IF(U8="",-1,W8+(1000-S8)/10000) | Z8: =U7 | AB8: =IF(ISNUMBER(L8),L8+A8/1000000,"") | AC8: =IF(OR('Source Data'!$C12="",'Source Data'!H12=""),"",'Source Data'!H12) | AD8: =IF(OR('Source Data'!$C12="",'Source Data'!I12=""),"",'Source Data'!I12)
A9: 8 | B9: =IF('Source Data'!$C13="","",IF('Source Data'!B13="","Uncategorized",'Source Data'!B13)) | C9: =IF('Source Data'!$C13="","",TRIM('Source Data'!C13)) | D9: =IF(OR('Source Data'!$C13="",'Source Data'!D13=""),"",'Source Data'!D13) | E9: =IF(C9="","",IF(COUNTIF($C$2:$C$301,C9)>1,C9&" (#"&D9&")",C9)) | F9: =IF(OR('Source Data'!$C13="",'Source Data'!E13=""),"",'Source Data'!E13) | G9: =IF(OR('Source Data'!$C13="",'Source Data'!G13=""),"",'Source Data'!G13) | H9: =IF(B9="","",IF(COUNTIF($B$2:B9,B9)=1,MAX($H$1:H8)+1,"")) | I9: =IF(C9="","",IF('Source Data'!J13="Not in Pilot","",IF('Source Data'!J13<>"",'Source Data'!J13,IF(COUNTIF(SnackCats,B9)>0,"Snack",IF(COUNTIF(BevCats,B9)>0,"Beverage",""))))) | J9: =IF(I9="","",COUNTIF($I$2:I9,"Snack")+COUNTIF($I$2:I9,"Beverage")) | K9: =IF(OR('Inventory Master'!J13="CRITICAL",'Inventory Master'!J13="LOW"),'Inventory Master'!I13+A9/1000000,"") | L9: =IF(OR('Source Data'!$C13="",'Source Data'!F13=""),"",'Source Data'!F13) | M9: 8 | N9: =IFERROR(INDEX(Eng_Cat,MATCH(M9,$H$2:$H$301,0)),"") | O9: =IF(N9="","",SUMIFS(OL_Qty,OL_Cat,N9)) | P9: =IF(N9="",-1,O9+(1000-M9)/10000) | Q9: =IF(N9="","",COUNTIFS(OL_Cat,N9,OL_Flag,"ORDER")) | S9: 8 | T9: =IFERROR(MATCH(S9,Eng_PilotIdx,0),"") | U9: =IF(T9="","",INDEX(Eng_Label,T9)) | V9: =IF(T9="","",INDEX('_Engine'!$I$2:$I$301,T9)) | W9: =IF(U9="","",SUMIFS(RL_Added,RL_Prod,U9)) | X9: =IF(U9="",-1,W9+(1000-S9)/10000) | Z9: =U8 | AB9: =IF(ISNUMBER(L9),L9+A9/1000000,"") | AC9: =IF(OR('Source Data'!$C13="",'Source Data'!H13=""),"",'Source Data'!H13) | AD9: =IF(OR('Source Data'!$C13="",'Source Data'!I13=""),"",'Source Data'!I13)
A10: 9 | B10: =IF('Source Data'!$C14="","",IF('Source Data'!B14="","Uncategorized",'Source Data'!B14)) | C10: =IF('Source Data'!$C14="","",TRIM('Source Data'!C14)) | D10: =IF(OR('Source Data'!$C14="",'Source Data'!D14=""),"",'Source Data'!D14) | E10: =IF(C10="","",IF(COUNTIF($C$2:$C$301,C10)>1,C10&" (#"&D10&")",C10)) | F10: =IF(OR('Source Data'!$C14="",'Source Data'!E14=""),"",'Source Data'!E14) | G10: =IF(OR('Source Data'!$C14="",'Source Data'!G14=""),"",'Source Data'!G14) | H10: =IF(B10="","",IF(COUNTIF($B$2:B10,B10)=1,MAX($H$1:H9)+1,"")) | I10: =IF(C10="","",IF('Source Data'!J14="Not in Pilot","",IF('Source Data'!J14<>"",'Source Data'!J14,IF(COUNTIF(SnackCats,B10)>0,"Snack",IF(COUNTIF(BevCats,B10)>0,"Beverage",""))))) | J10: =IF(I10="","",COUNTIF($I$2:I10,"Snack")+COUNTIF($I$2:I10,"Beverage")) | K10: =IF(OR('Inventory Master'!J14="CRITICAL",'Inventory Master'!J14="LOW"),'Inventory Master'!I14+A10/1000000,"") | L10: =IF(OR('Source Data'!$C14="",'Source Data'!F14=""),"",'Source Data'!F14) | M10: 9 | N10: =IFERROR(INDEX(Eng_Cat,MATCH(M10,$H$2:$H$301,0)),"") | O10: =IF(N10="","",SUMIFS(OL_Qty,OL_Cat,N10)) | P10: =IF(N10="",-1,O10+(1000-M10)/10000) | Q10: =IF(N10="","",COUNTIFS(OL_Cat,N10,OL_Flag,"ORDER")) | S10: 9 | T10: =IFERROR(MATCH(S10,Eng_PilotIdx,0),"") | U10: =IF(T10="","",INDEX(Eng_Label,T10)) | V10: =IF(T10="","",INDEX('_Engine'!$I$2:$I$301,T10)) | W10: =IF(U10="","",SUMIFS(RL_Added,RL_Prod,U10)) | X10: =IF(U10="",-1,W10+(1000-S10)/10000) | Z10: =U9 | AB10: =IF(ISNUMBER(L10),L10+A10/1000000,"") | AC10: =IF(OR('Source Data'!$C14="",'Source Data'!H14=""),"",'Source Data'!H14) | AD10: =IF(OR('Source Data'!$C14="",'Source Data'!I14=""),"",'Source Data'!I14)
A11: 10 | B11: =IF('Source Data'!$C15="","",IF('Source Data'!B15="","Uncategorized",'Source Data'!B15)) | C11: =IF('Source Data'!$C15="","",TRIM('Source Data'!C15)) | D11: =IF(OR('Source Data'!$C15="",'Source Data'!D15=""),"",'Source Data'!D15) | E11: =IF(C11="","",IF(COUNTIF($C$2:$C$301,C11)>1,C11&" (#"&D11&")",C11)) | F11: =IF(OR('Source Data'!$C15="",'Source Data'!E15=""),"",'Source Data'!E15) | G11: =IF(OR('Source Data'!$C15="",'Source Data'!G15=""),"",'Source Data'!G15) | H11: =IF(B11="","",IF(COUNTIF($B$2:B11,B11)=1,MAX($H$1:H10)+1,"")) | I11: =IF(C11="","",IF('Source Data'!J15="Not in Pilot","",IF('Source Data'!J15<>"",'Source Data'!J15,IF(COUNTIF(SnackCats,B11)>0,"Snack",IF(COUNTIF(BevCats,B11)>0,"Beverage",""))))) | J11: =IF(I11="","",COUNTIF($I$2:I11,"Snack")+COUNTIF($I$2:I11,"Beverage")) | K11: =IF(OR('Inventory Master'!J15="CRITICAL",'Inventory Master'!J15="LOW"),'Inventory Master'!I15+A11/1000000,"") | L11: =IF(OR('Source Data'!$C15="",'Source Data'!F15=""),"",'Source Data'!F15) | M11: 10 | N11: =IFERROR(INDEX(Eng_Cat,MATCH(M11,$H$2:$H$301,0)),"") | O11: =IF(N11="","",SUMIFS(OL_Qty,OL_Cat,N11)) | P11: =IF(N11="",-1,O11+(1000-M11)/10000) | Q11: =IF(N11="","",COUNTIFS(OL_Cat,N11,OL_Flag,"ORDER")) | S11: 10 | T11: =IFERROR(MATCH(S11,Eng_PilotIdx,0),"") | U11: =IF(T11="","",INDEX(Eng_Label,T11)) | V11: =IF(T11="","",INDEX('_Engine'!$I$2:$I$301,T11)) | W11: =IF(U11="","",SUMIFS(RL_Added,RL_Prod,U11)) | X11: =IF(U11="",-1,W11+(1000-S11)/10000) | Z11: =U10 | AB11: =IF(ISNUMBER(L11),L11+A11/1000000,"") | AC11: =IF(OR('Source Data'!$C15="",'Source Data'!H15=""),"",'Source Data'!H15) | AD11: =IF(OR('Source Data'!$C15="",'Source Data'!I15=""),"",'Source Data'!I15)
A12: 11 | B12: =IF('Source Data'!$C16="","",IF('Source Data'!B16="","Uncategorized",'Source Data'!B16)) | C12: =IF('Source Data'!$C16="","",TRIM('Source Data'!C16)) | D12: =IF(OR('Source Data'!$C16="",'Source Data'!D16=""),"",'Source Data'!D16) | E12: =IF(C12="","",IF(COUNTIF($C$2:$C$301,C12)>1,C12&" (#"&D12&")",C12)) | F12: =IF(OR('Source Data'!$C16="",'Source Data'!E16=""),"",'Source Data'!E16) | G12: =IF(OR('Source Data'!$C16="",'Source Data'!G16=""),"",'Source Data'!G16) | H12: =IF(B12="","",IF(COUNTIF($B$2:B12,B12)=1,MAX($H$1:H11)+1,"")) | I12: =IF(C12="","",IF('Source Data'!J16="Not in Pilot","",IF('Source Data'!J16<>"",'Source Data'!J16,IF(COUNTIF(SnackCats,B12)>0,"Snack",IF(COUNTIF(BevCats,B12)>0,"Beverage",""))))) | J12: =IF(I12="","",COUNTIF($I$2:I12,"Snack")+COUNTIF($I$2:I12,"Beverage")) | K12: =IF(OR('Inventory Master'!J16="CRITICAL",'Inventory Master'!J16="LOW"),'Inventory Master'!I16+A12/1000000,"") | L12: =IF(OR('Source Data'!$C16="",'Source Data'!F16=""),"",'Source Data'!F16) | M12: 11 | N12: =IFERROR(INDEX(Eng_Cat,MATCH(M12,$H$2:$H$301,0)),"") | O12: =IF(N12="","",SUMIFS(OL_Qty,OL_Cat,N12)) | P12: =IF(N12="",-1,O12+(1000-M12)/10000) | Q12: =IF(N12="","",COUNTIFS(OL_Cat,N12,OL_Flag,"ORDER")) | S12: 11 | T12: =IFERROR(MATCH(S12,Eng_PilotIdx,0),"") | U12: =IF(T12="","",INDEX(Eng_Label,T12)) | V12: =IF(T12="","",INDEX('_Engine'!$I$2:$I$301,T12)) | W12: =IF(U12="","",SUMIFS(RL_Added,RL_Prod,U12)) | X12: =IF(U12="",-1,W12+(1000-S12)/10000) | Z12: =U11 | AB12: =IF(ISNUMBER(L12),L12+A12/1000000,"") | AC12: =IF(OR('Source Data'!$C16="",'Source Data'!H16=""),"",'Source Data'!H16) | AD12: =IF(OR('Source Data'!$C16="",'Source Data'!I16=""),"",'Source Data'!I16)
A13: 12 | B13: =IF('Source Data'!$C17="","",IF('Source Data'!B17="","Uncategorized",'Source Data'!B17)) | C13: =IF('Source Data'!$C17="","",TRIM('Source Data'!C17)) | D13: =IF(OR('Source Data'!$C17="",'Source Data'!D17=""),"",'Source Data'!D17) | E13: =IF(C13="","",IF(COUNTIF($C$2:$C$301,C13)>1,C13&" (#"&D13&")",C13)) | F13: =IF(OR('Source Data'!$C17="",'Source Data'!E17=""),"",'Source Data'!E17) | G13: =IF(OR('Source Data'!$C17="",'Source Data'!G17=""),"",'Source Data'!G17) | H13: =IF(B13="","",IF(COUNTIF($B$2:B13,B13)=1,MAX($H$1:H12)+1,"")) | I13: =IF(C13="","",IF('Source Data'!J17="Not in Pilot","",IF('Source Data'!J17<>"",'Source Data'!J17,IF(COUNTIF(SnackCats,B13)>0,"Snack",IF(COUNTIF(BevCats,B13)>0,"Beverage",""))))) | J13: =IF(I13="","",COUNTIF($I$2:I13,"Snack")+COUNTIF($I$2:I13,"Beverage")) | K13: =IF(OR('Inventory Master'!J17="CRITICAL",'Inventory Master'!J17="LOW"),'Inventory Master'!I17+A13/1000000,"") | L13: =IF(OR('Source Data'!$C17="",'Source Data'!F17=""),"",'Source Data'!F17) | M13: 12 | N13: =IFERROR(INDEX(Eng_Cat,MATCH(M13,$H$2:$H$301,0)),"") | O13: =IF(N13="","",SUMIFS(OL_Qty,OL_Cat,N13)) | P13: =IF(N13="",-1,O13+(1000-M13)/10000) | Q13: =IF(N13="","",COUNTIFS(OL_Cat,N13,OL_Flag,"ORDER")) | S13: 12 | T13: =IFERROR(MATCH(S13,Eng_PilotIdx,0),"") | U13: =IF(T13="","",INDEX(Eng_Label,T13)) | V13: =IF(T13="","",INDEX('_Engine'!$I$2:$I$301,T13)) | W13: =IF(U13="","",SUMIFS(RL_Added,RL_Prod,U13)) | X13: =IF(U13="",-1,W13+(1000-S13)/10000) | Z13: =U12 | AB13: =IF(ISNUMBER(L13),L13+A13/1000000,"") | AC13: =IF(OR('Source Data'!$C17="",'Source Data'!H17=""),"",'Source Data'!H17) | AD13: =IF(OR('Source Data'!$C17="",'Source Data'!I17=""),"",'Source Data'!I17)
A14: 13 | B14: =IF('Source Data'!$C18="","",IF('Source Data'!B18="","Uncategorized",'Source Data'!B18)) | C14: =IF('Source Data'!$C18="","",TRIM('Source Data'!C18)) | D14: =IF(OR('Source Data'!$C18="",'Source Data'!D18=""),"",'Source Data'!D18) | E14: =IF(C14="","",IF(COUNTIF($C$2:$C$301,C14)>1,C14&" (#"&D14&")",C14)) | F14: =IF(OR('Source Data'!$C18="",'Source Data'!E18=""),"",'Source Data'!E18) | G14: =IF(OR('Source Data'!$C18="",'Source Data'!G18=""),"",'Source Data'!G18) | H14: =IF(B14="","",IF(COUNTIF($B$2:B14,B14)=1,MAX($H$1:H13)+1,"")) | I14: =IF(C14="","",IF('Source Data'!J18="Not in Pilot","",IF('Source Data'!J18<>"",'Source Data'!J18,IF(COUNTIF(SnackCats,B14)>0,"Snack",IF(COUNTIF(BevCats,B14)>0,"Beverage",""))))) | J14: =IF(I14="","",COUNTIF($I$2:I14,"Snack")+COUNTIF($I$2:I14,"Beverage")) | K14: =IF(OR('Inventory Master'!J18="CRITICAL",'Inventory Master'!J18="LOW"),'Inventory Master'!I18+A14/1000000,"") | L14: =IF(OR('Source Data'!$C18="",'Source Data'!F18=""),"",'Source Data'!F18) | M14: 13 | N14: =IFERROR(INDEX(Eng_Cat,MATCH(M14,$H$2:$H$301,0)),"") | O14: =IF(N14="","",SUMIFS(OL_Qty,OL_Cat,N14)) | P14: =IF(N14="",-1,O14+(1000-M14)/10000) | Q14: =IF(N14="","",COUNTIFS(OL_Cat,N14,OL_Flag,"ORDER")) | S14: 13 | T14: =IFERROR(MATCH(S14,Eng_PilotIdx,0),"") | U14: =IF(T14="","",INDEX(Eng_Label,T14)) | V14: =IF(T14="","",INDEX('_Engine'!$I$2:$I$301,T14)) | W14: =IF(U14="","",SUMIFS(RL_Added,RL_Prod,U14)) | X14: =IF(U14="",-1,W14+(1000-S14)/10000) | Z14: =U13 | AB14: =IF(ISNUMBER(L14),L14+A14/1000000,"") | AC14: =IF(OR('Source Data'!$C18="",'Source Data'!H18=""),"",'Source Data'!H18) | AD14: =IF(OR('Source Data'!$C18="",'Source Data'!I18=""),"",'Source Data'!I18)
... A41: 40 | B41: =IF('Source Data'!$C45="","",IF('Source Data'!B45="","Uncategorized",'Source Data'!B45)) | C41: =IF('Source Data'!$C45="","",TRIM('Source Data'!C45)) | D41: =IF(OR('Source Data'!$C45="",'Source Data'!D45=""),"",'Source Data'!D45) | E41: =IF(C41="","",IF(COUNTIF($C$2:$C$301,C41)>1,C41&" (#"&D41&")",C41)) | F41: =IF(OR('Source Data'!$C45="",'Source Data'!E45=""),"",'Source Data'!E45) | G41: =IF(OR('Source Data'!$C45="",'Source Data'!G45=""),"",'Source Data'!G45) | H41: =IF(B41="","",IF(COUNTIF($B$2:B41,B41)=1,MAX($H$1:H40)+1,"")) | I41: =IF(C41="","",IF('Source Data'!J45="Not in Pilot","",IF('Source Data'!J45<>"",'Source Data'!J45,IF(COUNTIF(SnackCats,B41)>0,"Snack",IF(COUNTIF(BevCats,B41)>0,"Beverage",""))))) | J41: =IF(I41="","",COUNTIF($I$2:I41,"Snack")+COUNTIF($I$2:I41,"Beverage")) | K41: =IF(OR('Inventory Master'!J45="CRITICAL",'Inventory Master'!J45="LOW"),'Inventory Master'!I45+A41/1000000,"") | L41: =IF(OR('Source Data'!$C45="",'Source Data'!F45=""),"",'Source Data'!F45) | M41: 40 | N41: =IFERROR(INDEX(Eng_Cat,MATCH(M41,$H$2:$H$301,0)),"") | O41: =IF(N41="","",SUMIFS(OL_Qty,OL_Cat,N41)) | P41: =IF(N41="",-1,O41+(1000-M41)/10000) | Q41: =IF(N41="","",COUNTIFS(OL_Cat,N41,OL_Flag,"ORDER")) | S41: 40 | T41: =IFERROR(MATCH(S41,Eng_PilotIdx,0),"") | U41: =IF(T41="","",INDEX(Eng_Label,T41)) | V41: =IF(T41="","",INDEX('_Engine'!$I$2:$I$301,T41)) | W41: =IF(U41="","",SUMIFS(RL_Added,RL_Prod,U41)) | X41: =IF(U41="",-1,W41+(1000-S41)/10000) | Z41: =U40 | AB41: =IF(ISNUMBER(L41),L41+A41/1000000,"") | AC41: =IF(OR('Source Data'!$C45="",'Source Data'!H45=""),"",'Source Data'!H45) | AD41: =IF(OR('Source Data'!$C45="",'Source Data'!I45=""),"",'Source Data'!I45)
A42: 41 | B42: =IF('Source Data'!$C46="","",IF('Source Data'!B46="","Uncategorized",'Source Data'!B46)) | C42: =IF('Source Data'!$C46="","",TRIM('Source Data'!C46)) | D42: =IF(OR('Source Data'!$C46="",'Source Data'!D46=""),"",'Source Data'!D46) | E42: =IF(C42="","",IF(COUNTIF($C$2:$C$301,C42)>1,C42&" (#"&D42&")",C42)) | F42: =IF(OR('Source Data'!$C46="",'Source Data'!E46=""),"",'Source Data'!E46) | G42: =IF(OR('Source Data'!$C46="",'Source Data'!G46=""),"",'Source Data'!G46) | H42: =IF(B42="","",IF(COUNTIF($B$2:B42,B42)=1,MAX($H$1:H41)+1,"")) | I42: =IF(C42="","",IF('Source Data'!J46="Not in Pilot","",IF('Source Data'!J46<>"",'Source Data'!J46,IF(COUNTIF(SnackCats,B42)>0,"Snack",IF(COUNTIF(BevCats,B42)>0,"Beverage",""))))) | J42: =IF(I42="","",COUNTIF($I$2:I42,"Snack")+COUNTIF($I$2:I42,"Beverage")) | K42: =IF(OR('Inventory Master'!J46="CRITICAL",'Inventory Master'!J46="LOW"),'Inventory Master'!I46+A42/1000000,"") | L42: =IF(OR('Source Data'!$C46="",'Source Data'!F46=""),"",'Source Data'!F46) | S42: 41 | T42: =IFERROR(MATCH(S42,Eng_PilotIdx,0),"") | U42: =IF(T42="","",INDEX(Eng_Label,T42)) | V42: =IF(T42="","",INDEX('_Engine'!$I$2:$I$301,T42)) | W42: =IF(U42="","",SUMIFS(RL_Added,RL_Prod,U42)) | X42: =IF(U42="",-1,W42+(1000-S42)/10000) | Z42: =U41 | AB42: =IF(ISNUMBER(L42),L42+A42/1000000,"") | AC42: =IF(OR('Source Data'!$C46="",'Source Data'!H46=""),"",'Source Data'!H46) | AD42: =IF(OR('Source Data'!$C46="",'Source Data'!I46=""),"",'Source Data'!I46)
A43: 42 | B43: =IF('Source Data'!$C47="","",IF('Source Data'!B47="","Uncategorized",'Source Data'!B47)) | C43: =IF('Source Data'!$C47="","",TRIM('Source Data'!C47)) | D43: =IF(OR('Source Data'!$C47="",'Source Data'!D47=""),"",'Source Data'!D47) | E43: =IF(C43="","",IF(COUNTIF($C$2:$C$301,C43)>1,C43&" (#"&D43&")",C43)) | F43: =IF(OR('Source Data'!$C47="",'Source Data'!E47=""),"",'Source Data'!E47) | G43: =IF(OR('Source Data'!$C47="",'Source Data'!G47=""),"",'Source Data'!G47) | H43: =IF(B43="","",IF(COUNTIF($B$2:B43,B43)=1,MAX($H$1:H42)+1,"")) | I43: =IF(C43="","",IF('Source Data'!J47="Not in Pilot","",IF('Source Data'!J47<>"",'Source Data'!J47,IF(COUNTIF(SnackCats,B43)>0,"Snack",IF(COUNTIF(BevCats,B43)>0,"Beverage",""))))) | J43: =IF(I43="","",COUNTIF($I$2:I43,"Snack")+COUNTIF($I$2:I43,"Beverage")) | K43: =IF(OR('Inventory Master'!J47="CRITICAL",'Inventory Master'!J47="LOW"),'Inventory Master'!I47+A43/1000000,"") | L43: =IF(OR('Source Data'!$C47="",'Source Data'!F47=""),"",'Source Data'!F47) | S43: 42 | T43: =IFERROR(MATCH(S43,Eng_PilotIdx,0),"") | U43: =IF(T43="","",INDEX(Eng_Label,T43)) | V43: =IF(T43="","",INDEX('_Engine'!$I$2:$I$301,T43)) | W43: =IF(U43="","",SUMIFS(RL_Added,RL_Prod,U43)) | X43: =IF(U43="",-1,W43+(1000-S43)/10000) | Z43: =U42 | AB43: =IF(ISNUMBER(L43),L43+A43/1000000,"") | AC43: =IF(OR('Source Data'!$C47="",'Source Data'!H47=""),"",'Source Data'!H47) | AD43: =IF(OR('Source Data'!$C47="",'Source Data'!I47=""),"",'Source Data'!I47)
A44: 43 | B44: =IF('Source Data'!$C48="","",IF('Source Data'!B48="","Uncategorized",'Source Data'!B48)) | C44: =IF('Source Data'!$C48="","",TRIM('Source Data'!C48)) | D44: =IF(OR('Source Data'!$C48="",'Source Data'!D48=""),"",'Source Data'!D48) | E44: =IF(C44="","",IF(COUNTIF($C$2:$C$301,C44)>1,C44&" (#"&D44&")",C44)) | F44: =IF(OR('Source Data'!$C48="",'Source Data'!E48=""),"",'Source Data'!E48) | G44: =IF(OR('Source Data'!$C48="",'Source Data'!G48=""),"",'Source Data'!G48) | H44: =IF(B44="","",IF(COUNTIF($B$2:B44,B44)=1,MAX($H$1:H43)+1,"")) | I44: =IF(C44="","",IF('Source Data'!J48="Not in Pilot","",IF('Source Data'!J48<>"",'Source Data'!J48,IF(COUNTIF(SnackCats,B44)>0,"Snack",IF(COUNTIF(BevCats,B44)>0,"Beverage",""))))) | J44: =IF(I44="","",COUNTIF($I$2:I44,"Snack")+COUNTIF($I$2:I44,"Beverage")) | K44: =IF(OR('Inventory Master'!J48="CRITICAL",'Inventory Master'!J48="LOW"),'Inventory Master'!I48+A44/1000000,"") | L44: =IF(OR('Source Data'!$C48="",'Source Data'!F48=""),"",'Source Data'!F48) | S44: 43 | T44: =IFERROR(MATCH(S44,Eng_PilotIdx,0),"") | U44: =IF(T44="","",INDEX(Eng_Label,T44)) | V44: =IF(T44="","",INDEX('_Engine'!$I$2:$I$301,T44)) | W44: =IF(U44="","",SUMIFS(RL_Added,RL_Prod,U44)) | X44: =IF(U44="",-1,W44+(1000-S44)/10000) | Z44: =U43 | AB44: =IF(ISNUMBER(L44),L44+A44/1000000,"") | AC44: =IF(OR('Source Data'!$C48="",'Source Data'!H48=""),"",'Source Data'!H48) | AD44: =IF(OR('Source Data'!$C48="",'Source Data'!I48=""),"",'Source Data'!I48)
A45: 44 | B45: =IF('Source Data'!$C49="","",IF('Source Data'!B49="","Uncategorized",'Source Data'!B49)) | C45: =IF('Source Data'!$C49="","",TRIM('Source Data'!C49)) | D45: =IF(OR('Source Data'!$C49="",'Source Data'!D49=""),"",'Source Data'!D49) | E45: =IF(C45="","",IF(COUNTIF($C$2:$C$301,C45)>1,C45&" (#"&D45&")",C45)) | F45: =IF(OR('Source Data'!$C49="",'Source Data'!E49=""),"",'Source Data'!E49) | G45: =IF(OR('Source Data'!$C49="",'Source Data'!G49=""),"",'Source Data'!G49) | H45: =IF(B45="","",IF(COUNTIF($B$2:B45,B45)=1,MAX($H$1:H44)+1,"")) | I45: =IF(C45="","",IF('Source Data'!J49="Not in Pilot","",IF('Source Data'!J49<>"",'Source Data'!J49,IF(COUNTIF(SnackCats,B45)>0,"Snack",IF(COUNTIF(BevCats,B45)>0,"Beverage",""))))) | J45: =IF(I45="","",COUNTIF($I$2:I45,"Snack")+COUNTIF($I$2:I45,"Beverage")) | K45: =IF(OR('Inventory Master'!J49="CRITICAL",'Inventory Master'!J49="LOW"),'Inventory Master'!I49+A45/1000000,"") | L45: =IF(OR('Source Data'!$C49="",'Source Data'!F49=""),"",'Source Data'!F49) | S45: 44 | T45: =IFERROR(MATCH(S45,Eng_PilotIdx,0),"") | U45: =IF(T45="","",INDEX(Eng_Label,T45)) | V45: =IF(T45="","",INDEX('_Engine'!$I$2:$I$301,T45)) | W45: =IF(U45="","",SUMIFS(RL_Added,RL_Prod,U45)) | X45: =IF(U45="",-1,W45+(1000-S45)/10000) | Z45: =U44 | AB45: =IF(ISNUMBER(L45),L45+A45/1000000,"") | AC45: =IF(OR('Source Data'!$C49="",'Source Data'!H49=""),"",'Source Data'!H49) | AD45: =IF(OR('Source Data'!$C49="",'Source Data'!I49=""),"",'Source Data'!I49)
A46: 45 | B46: =IF('Source Data'!$C50="","",IF('Source Data'!B50="","Uncategorized",'Source Data'!B50)) | C46: =IF('Source Data'!$C50="","",TRIM('Source Data'!C50)) | D46: =IF(OR('Source Data'!$C50="",'Source Data'!D50=""),"",'Source Data'!D50) | E46: =IF(C46="","",IF(COUNTIF($C$2:$C$301,C46)>1,C46&" (#"&D46&")",C46)) | F46: =IF(OR('Source Data'!$C50="",'Source Data'!E50=""),"",'Source Data'!E50) | G46: =IF(OR('Source Data'!$C50="",'Source Data'!G50=""),"",'Source Data'!G50) | H46: =IF(B46="","",IF(COUNTIF($B$2:B46,B46)=1,MAX($H$1:H45)+1,"")) | I46: =IF(C46="","",IF('Source Data'!J50="Not in Pilot","",IF('Source Data'!J50<>"",'Source Data'!J50,IF(COUNTIF(SnackCats,B46)>0,"Snack",IF(COUNTIF(BevCats,B46)>0,"Beverage",""))))) | J46: =IF(I46="","",COUNTIF($I$2:I46,"Snack")+COUNTIF($I$2:I46,"Beverage")) | K46: =IF(OR('Inventory Master'!J50="CRITICAL",'Inventory Master'!J50="LOW"),'Inventory Master'!I50+A46/1000000,"") | L46: =IF(OR('Source Data'!$C50="",'Source Data'!F50=""),"",'Source Data'!F50) | S46: 45 | T46: =IFERROR(MATCH(S46,Eng_PilotIdx,0),"") | U46: =IF(T46="","",INDEX(Eng_Label,T46)) | V46: =IF(T46="","",INDEX('_Engine'!$I$2:$I$301,T46)) | W46: =IF(U46="","",SUMIFS(RL_Added,RL_Prod,U46)) | X46: =IF(U46="",-1,W46+(1000-S46)/10000) | Z46: =U45 | AB46: =IF(ISNUMBER(L46),L46+A46/1000000,"") | AC46: =IF(OR('Source Data'!$C50="",'Source Data'!H50=""),"",'Source Data'!H50) | AD46: =IF(OR('Source Data'!$C50="",'Source Data'!I50=""),"",'Source Data'!I50)
A47: 46 | B47: =IF('Source Data'!$C51="","",IF('Source Data'!B51="","Uncategorized",'Source Data'!B51)) | C47: =IF('Source Data'!$C51="","",TRIM('Source Data'!C51)) | D47: =IF(OR('Source Data'!$C51="",'Source Data'!D51=""),"",'Source Data'!D51) | E47: =IF(C47="","",IF(COUNTIF($C$2:$C$301,C47)>1,C47&" (#"&D47&")",C47)) | F47: =IF(OR('Source Data'!$C51="",'Source Data'!E51=""),"",'Source Data'!E51) | G47: =IF(OR('Source Data'!$C51="",'Source Data'!G51=""),"",'Source Data'!G51) | H47: =IF(B47="","",IF(COUNTIF($B$2:B47,B47)=1,MAX($H$1:H46)+1,"")) | I47: =IF(C47="","",IF('Source Data'!J51="Not in Pilot","",IF('Source Data'!J51<>"",'Source Data'!J51,IF(COUNTIF(SnackCats,B47)>0,"Snack",IF(COUNTIF(BevCats,B47)>0,"Beverage",""))))) | J47: =IF(I47="","",COUNTIF($I$2:I47,"Snack")+COUNTIF($I$2:I47,"Beverage")) | K47: =IF(OR('Inventory Master'!J51="CRITICAL",'Inventory Master'!J51="LOW"),'Inventory Master'!I51+A47/1000000,"") | L47: =IF(OR('Source Data'!$C51="",'Source Data'!F51=""),"",'Source Data'!F51) | S47: 46 | T47: =IFERROR(MATCH(S47,Eng_PilotIdx,0),"") | U47: =IF(T47="","",INDEX(Eng_Label,T47)) | V47: =IF(T47="","",INDEX('_Engine'!$I$2:$I$301,T47)) | W47: =IF(U47="","",SUMIFS(RL_Added,RL_Prod,U47)) | X47: =IF(U47="",-1,W47+(1000-S47)/10000) | Z47: =U46 | AB47: =IF(ISNUMBER(L47),L47+A47/1000000,"") | AC47: =IF(OR('Source Data'!$C51="",'Source Data'!H51=""),"",'Source Data'!H51) | AD47: =IF(OR('Source Data'!$C51="",'Source Data'!I51=""),"",'Source Data'!I51)
A48: 47 | B48: =IF('Source Data'!$C52="","",IF('Source Data'!B52="","Uncategorized",'Source Data'!B52)) | C48: =IF('Source Data'!$C52="","",TRIM('Source Data'!C52)) | D48: =IF(OR('Source Data'!$C52="",'Source Data'!D52=""),"",'Source Data'!D52) | E48: =IF(C48="","",IF(COUNTIF($C$2:$C$301,C48)>1,C48&" (#"&D48&")",C48)) | F48: =IF(OR('Source Data'!$C52="",'Source Data'!E52=""),"",'Source Data'!E52) | G48: =IF(OR('Source Data'!$C52="",'Source Data'!G52=""),"",'Source Data'!G52) | H48: =IF(B48="","",IF(COUNTIF($B$2:B48,B48)=1,MAX($H$1:H47)+1,"")) | I48: =IF(C48="","",IF('Source Data'!J52="Not in Pilot","",IF('Source Data'!J52<>"",'Source Data'!J52,IF(COUNTIF(SnackCats,B48)>0,"Snack",IF(COUNTIF(BevCats,B48)>0,"Beverage",""))))) | J48: =IF(I48="","",COUNTIF($I$2:I48,"Snack")+COUNTIF($I$2:I48,"Beverage")) | K48: =IF(OR('Inventory Master'!J52="CRITICAL",'Inventory Master'!J52="LOW"),'Inventory Master'!I52+A48/1000000,"") | L48: =IF(OR('Source Data'!$C52="",'Source Data'!F52=""),"",'Source Data'!F52) | S48: 47 | T48: =IFERROR(MATCH(S48,Eng_PilotIdx,0),"") | U48: =IF(T48="","",INDEX(Eng_Label,T48)) | V48: =IF(T48="","",INDEX('_Engine'!$I$2:$I$301,T48)) | W48: =IF(U48="","",SUMIFS(RL_Added,RL_Prod,U48)) | X48: =IF(U48="",-1,W48+(1000-S48)/10000) | Z48: =U47 | AB48: =IF(ISNUMBER(L48),L48+A48/1000000,"") | AC48: =IF(OR('Source Data'!$C52="",'Source Data'!H52=""),"",'Source Data'!H52) | AD48: =IF(OR('Source Data'!$C52="",'Source Data'!I52=""),"",'Source Data'!I52)
A49: 48 | B49: =IF('Source Data'!$C53="","",IF('Source Data'!B53="","Uncategorized",'Source Data'!B53)) | C49: =IF('Source Data'!$C53="","",TRIM('Source Data'!C53)) | D49: =IF(OR('Source Data'!$C53="",'Source Data'!D53=""),"",'Source Data'!D53) | E49: =IF(C49="","",IF(COUNTIF($C$2:$C$301,C49)>1,C49&" (#"&D49&")",C49)) | F49: =IF(OR('Source Data'!$C53="",'Source Data'!E53=""),"",'Source Data'!E53) | G49: =IF(OR('Source Data'!$C53="",'Source Data'!G53=""),"",'Source Data'!G53) | H49: =IF(B49="","",IF(COUNTIF($B$2:B49,B49)=1,MAX($H$1:H48)+1,"")) | I49: =IF(C49="","",IF('Source Data'!J53="Not in Pilot","",IF('Source Data'!J53<>"",'Source Data'!J53,IF(COUNTIF(SnackCats,B49)>0,"Snack",IF(COUNTIF(BevCats,B49)>0,"Beverage",""))))) | J49: =IF(I49="","",COUNTIF($I$2:I49,"Snack")+COUNTIF($I$2:I49,"Beverage")) | K49: =IF(OR('Inventory Master'!J53="CRITICAL",'Inventory Master'!J53="LOW"),'Inventory Master'!I53+A49/1000000,"") | L49: =IF(OR('Source Data'!$C53="",'Source Data'!F53=""),"",'Source Data'!F53) | S49: 48 | T49: =IFERROR(MATCH(S49,Eng_PilotIdx,0),"") | U49: =IF(T49="","",INDEX(Eng_Label,T49)) | V49: =IF(T49="","",INDEX('_Engine'!$I$2:$I$301,T49)) | W49: =IF(U49="","",SUMIFS(RL_Added,RL_Prod,U49)) | X49: =IF(U49="",-1,W49+(1000-S49)/10000) | Z49: =U48 | AB49: =IF(ISNUMBER(L49),L49+A49/1000000,"") | AC49: =IF(OR('Source Data'!$C53="",'Source Data'!H53=""),"",'Source Data'!H53) | AD49: =IF(OR('Source Data'!$C53="",'Source Data'!I53=""),"",'Source Data'!I53)
A50: 49 | B50: =IF('Source Data'!$C54="","",IF('Source Data'!B54="","Uncategorized",'Source Data'!B54)) | C50: =IF('Source Data'!$C54="","",TRIM('Source Data'!C54)) | D50: =IF(OR('Source Data'!$C54="",'Source Data'!D54=""),"",'Source Data'!D54) | E50: =IF(C50="","",IF(COUNTIF($C$2:$C$301,C50)>1,C50&" (#"&D50&")",C50)) | F50: =IF(OR('Source Data'!$C54="",'Source Data'!E54=""),"",'Source Data'!E54) | G50: =IF(OR('Source Data'!$C54="",'Source Data'!G54=""),"",'Source Data'!G54) | H50: =IF(B50="","",IF(COUNTIF($B$2:B50,B50)=1,MAX($H$1:H49)+1,"")) | I50: =IF(C50="","",IF('Source Data'!J54="Not in Pilot","",IF('Source Data'!J54<>"",'Source Data'!J54,IF(COUNTIF(SnackCats,B50)>0,"Snack",IF(COUNTIF(BevCats,B50)>0,"Beverage",""))))) | J50: =IF(I50="","",COUNTIF($I$2:I50,"Snack")+COUNTIF($I$2:I50,"Beverage")) | K50: =IF(OR('Inventory Master'!J54="CRITICAL",'Inventory Master'!J54="LOW"),'Inventory Master'!I54+A50/1000000,"") | L50: =IF(OR('Source Data'!$C54="",'Source Data'!F54=""),"",'Source Data'!F54) | S50: 49 | T50: =IFERROR(MATCH(S50,Eng_PilotIdx,0),"") | U50: =IF(T50="","",INDEX(Eng_Label,T50)) | V50: =IF(T50="","",INDEX('_Engine'!$I$2:$I$301,T50)) | W50: =IF(U50="","",SUMIFS(RL_Added,RL_Prod,U50)) | X50: =IF(U50="",-1,W50+(1000-S50)/10000) | Z50: =U49 | AB50: =IF(ISNUMBER(L50),L50+A50/1000000,"") | AC50: =IF(OR('Source Data'!$C54="",'Source Data'!H54=""),"",'Source Data'!H54) | AD50: =IF(OR('Source Data'!$C54="",'Source Data'!I54=""),"",'Source Data'!I54)
A51: 50 | B51: =IF('Source Data'!$C55="","",IF('Source Data'!B55="","Uncategorized",'Source Data'!B55)) | C51: =IF('Source Data'!$C55="","",TRIM('Source Data'!C55)) | D51: =IF(OR('Source Data'!$C55="",'Source Data'!D55=""),"",'Source Data'!D55) | E51: =IF(C51="","",IF(COUNTIF($C$2:$C$301,C51)>1,C51&" (#"&D51&")",C51)) | F51: =IF(OR('Source Data'!$C55="",'Source Data'!E55=""),"",'Source Data'!E55) | G51: =IF(OR('Source Data'!$C55="",'Source Data'!G55=""),"",'Source Data'!G55) | H51: =IF(B51="","",IF(COUNTIF($B$2:B51,B51)=1,MAX($H$1:H50)+1,"")) | I51: =IF(C51="","",IF('Source Data'!J55="Not in Pilot","",IF('Source Data'!J55<>"",'Source Data'!J55,IF(COUNTIF(SnackCats,B51)>0,"Snack",IF(COUNTIF(BevCats,B51)>0,"Beverage",""))))) | J51: =IF(I51="","",COUNTIF($I$2:I51,"Snack")+COUNTIF($I$2:I51,"Beverage")) | K51: =IF(OR('Inventory Master'!J55="CRITICAL",'Inventory Master'!J55="LOW"),'Inventory Master'!I55+A51/1000000,"") | L51: =IF(OR('Source Data'!$C55="",'Source Data'!F55=""),"",'Source Data'!F55) | S51: 50 | T51: =IFERROR(MATCH(S51,Eng_PilotIdx,0),"") | U51: =IF(T51="","",INDEX(Eng_Label,T51)) | V51: =IF(T51="","",INDEX('_Engine'!$I$2:$I$301,T51)) | W51: =IF(U51="","",SUMIFS(RL_Added,RL_Prod,U51)) | X51: =IF(U51="",-1,W51+(1000-S51)/10000) | Z51: =U50 | AB51: =IF(ISNUMBER(L51),L51+A51/1000000,"") | AC51: =IF(OR('Source Data'!$C55="",'Source Data'!H55=""),"",'Source Data'!H55) | AD51: =IF(OR('Source Data'!$C55="",'Source Data'!I55=""),"",'Source Data'!I55)
A52: 51 | B52: =IF('Source Data'!$C56="","",IF('Source Data'!B56="","Uncategorized",'Source Data'!B56)) | C52: =IF('Source Data'!$C56="","",TRIM('Source Data'!C56)) | D52: =IF(OR('Source Data'!$C56="",'Source Data'!D56=""),"",'Source Data'!D56) | E52: =IF(C52="","",IF(COUNTIF($C$2:$C$301,C52)>1,C52&" (#"&D52&")",C52)) | F52: =IF(OR('Source Data'!$C56="",'Source Data'!E56=""),"",'Source Data'!E56) | G52: =IF(OR('Source Data'!$C56="",'Source Data'!G56=""),"",'Source Data'!G56) | H52: =IF(B52="","",IF(COUNTIF($B$2:B52,B52)=1,MAX($H$1:H51)+1,"")) | I52: =IF(C52="","",IF('Source Data'!J56="Not in Pilot","",IF('Source Data'!J56<>"",'Source Data'!J56,IF(COUNTIF(SnackCats,B52)>0,"Snack",IF(COUNTIF(BevCats,B52)>0,"Beverage",""))))) | J52: =IF(I52="","",COUNTIF($I$2:I52,"Snack")+COUNTIF($I$2:I52,"Beverage")) | K52: =IF(OR('Inventory Master'!J56="CRITICAL",'Inventory Master'!J56="LOW"),'Inventory Master'!I56+A52/1000000,"") | L52: =IF(OR('Source Data'!$C56="",'Source Data'!F56=""),"",'Source Data'!F56) | S52: 51 | T52: =IFERROR(MATCH(S52,Eng_PilotIdx,0),"") | U52: =IF(T52="","",INDEX(Eng_Label,T52)) | V52: =IF(T52="","",INDEX('_Engine'!$I$2:$I$301,T52)) | W52: =IF(U52="","",SUMIFS(RL_Added,RL_Prod,U52)) | X52: =IF(U52="",-1,W52+(1000-S52)/10000) | Z52: =U51 | AB52: =IF(ISNUMBER(L52),L52+A52/1000000,"") | AC52: =IF(OR('Source Data'!$C56="",'Source Data'!H56=""),"",'Source Data'!H56) | AD52: =IF(OR('Source Data'!$C56="",'Source Data'!I56=""),"",'Source Data'!I56)
A53: 52 | B53: =IF('Source Data'!$C57="","",IF('Source Data'!B57="","Uncategorized",'Source Data'!B57)) | C53: =IF('Source Data'!$C57="","",TRIM('Source Data'!C57)) | D53: =IF(OR('Source Data'!$C57="",'Source Data'!D57=""),"",'Source Data'!D57) | E53: =IF(C53="","",IF(COUNTIF($C$2:$C$301,C53)>1,C53&" (#"&D53&")",C53)) | F53: =IF(OR('Source Data'!$C57="",'Source Data'!E57=""),"",'Source Data'!E57) | G53: =IF(OR('Source Data'!$C57="",'Source Data'!G57=""),"",'Source Data'!G57) | H53: =IF(B53="","",IF(COUNTIF($B$2:B53,B53)=1,MAX($H$1:H52)+1,"")) | I53: =IF(C53="","",IF('Source Data'!J57="Not in Pilot","",IF('Source Data'!J57<>"",'Source Data'!J57,IF(COUNTIF(SnackCats,B53)>0,"Snack",IF(COUNTIF(BevCats,B53)>0,"Beverage",""))))) | J53: =IF(I53="","",COUNTIF($I$2:I53,"Snack")+COUNTIF($I$2:I53,"Beverage")) | K53: =IF(OR('Inventory Master'!J57="CRITICAL",'Inventory Master'!J57="LOW"),'Inventory Master'!I57+A53/1000000,"") | L53: =IF(OR('Source Data'!$C57="",'Source Data'!F57=""),"",'Source Data'!F57) | S53: 52 | T53: =IFERROR(MATCH(S53,Eng_PilotIdx,0),"") | U53: =IF(T53="","",INDEX(Eng_Label,T53)) | V53: =IF(T53="","",INDEX('_Engine'!$I$2:$I$301,T53)) | W53: =IF(U53="","",SUMIFS(RL_Added,RL_Prod,U53)) | X53: =IF(U53="",-1,W53+(1000-S53)/10000) | Z53: =U52 | AB53: =IF(ISNUMBER(L53),L53+A53/1000000,"") | AC53: =IF(OR('Source Data'!$C57="",'Source Data'!H57=""),"",'Source Data'!H57) | AD53: =IF(OR('Source Data'!$C57="",'Source Data'!I57=""),"",'Source Data'!I57)
... A81: 80 | B81: =IF('Source Data'!$C85="","",IF('Source Data'!B85="","Uncategorized",'Source Data'!B85)) | C81: =IF('Source Data'!$C85="","",TRIM('Source Data'!C85)) | D81: =IF(OR('Source Data'!$C85="",'Source Data'!D85=""),"",'Source Data'!D85) | E81: =IF(C81="","",IF(COUNTIF($C$2:$C$301,C81)>1,C81&" (#"&D81&")",C81)) | F81: =IF(OR('Source Data'!$C85="",'Source Data'!E85=""),"",'Source Data'!E85) | G81: =IF(OR('Source Data'!$C85="",'Source Data'!G85=""),"",'Source Data'!G85) | H81: =IF(B81="","",IF(COUNTIF($B$2:B81,B81)=1,MAX($H$1:H80)+1,"")) | I81: =IF(C81="","",IF('Source Data'!J85="Not in Pilot","",IF('Source Data'!J85<>"",'Source Data'!J85,IF(COUNTIF(SnackCats,B81)>0,"Snack",IF(COUNTIF(BevCats,B81)>0,"Beverage",""))))) | J81: =IF(I81="","",COUNTIF($I$2:I81,"Snack")+COUNTIF($I$2:I81,"Beverage")) | K81: =IF(OR('Inventory Master'!J85="CRITICAL",'Inventory Master'!J85="LOW"),'Inventory Master'!I85+A81/1000000,"") | L81: =IF(OR('Source Data'!$C85="",'Source Data'!F85=""),"",'Source Data'!F85) | S81: 80 | T81: =IFERROR(MATCH(S81,Eng_PilotIdx,0),"") | U81: =IF(T81="","",INDEX(Eng_Label,T81)) | V81: =IF(T81="","",INDEX('_Engine'!$I$2:$I$301,T81)) | W81: =IF(U81="","",SUMIFS(RL_Added,RL_Prod,U81)) | X81: =IF(U81="",-1,W81+(1000-S81)/10000) | Z81: =U80 | AB81: =IF(ISNUMBER(L81),L81+A81/1000000,"") | AC81: =IF(OR('Source Data'!$C85="",'Source Data'!H85=""),"",'Source Data'!H85) | AD81: =IF(OR('Source Data'!$C85="",'Source Data'!I85=""),"",'Source Data'!I85)
A82: 81 | B82: =IF('Source Data'!$C86="","",IF('Source Data'!B86="","Uncategorized",'Source Data'!B86)) | C82: =IF('Source Data'!$C86="","",TRIM('Source Data'!C86)) | D82: =IF(OR('Source Data'!$C86="",'Source Data'!D86=""),"",'Source Data'!D86) | E82: =IF(C82="","",IF(COUNTIF($C$2:$C$301,C82)>1,C82&" (#"&D82&")",C82)) | F82: =IF(OR('Source Data'!$C86="",'Source Data'!E86=""),"",'Source Data'!E86) | G82: =IF(OR('Source Data'!$C86="",'Source Data'!G86=""),"",'Source Data'!G86) | H82: =IF(B82="","",IF(COUNTIF($B$2:B82,B82)=1,MAX($H$1:H81)+1,"")) | I82: =IF(C82="","",IF('Source Data'!J86="Not in Pilot","",IF('Source Data'!J86<>"",'Source Data'!J86,IF(COUNTIF(SnackCats,B82)>0,"Snack",IF(COUNTIF(BevCats,B82)>0,"Beverage",""))))) | J82: =IF(I82="","",COUNTIF($I$2:I82,"Snack")+COUNTIF($I$2:I82,"Beverage")) | K82: =IF(OR('Inventory Master'!J86="CRITICAL",'Inventory Master'!J86="LOW"),'Inventory Master'!I86+A82/1000000,"") | L82: =IF(OR('Source Data'!$C86="",'Source Data'!F86=""),"",'Source Data'!F86) | Z82: =U81 | AB82: =IF(ISNUMBER(L82),L82+A82/1000000,"") | AC82: =IF(OR('Source Data'!$C86="",'Source Data'!H86=""),"",'Source Data'!H86) | AD82: =IF(OR('Source Data'!$C86="",'Source Data'!I86=""),"",'Source Data'!I86)
A83: 82 | B83: =IF('Source Data'!$C87="","",IF('Source Data'!B87="","Uncategorized",'Source Data'!B87)) | C83: =IF('Source Data'!$C87="","",TRIM('Source Data'!C87)) | D83: =IF(OR('Source Data'!$C87="",'Source Data'!D87=""),"",'Source Data'!D87) | E83: =IF(C83="","",IF(COUNTIF($C$2:$C$301,C83)>1,C83&" (#"&D83&")",C83)) | F83: =IF(OR('Source Data'!$C87="",'Source Data'!E87=""),"",'Source Data'!E87) | G83: =IF(OR('Source Data'!$C87="",'Source Data'!G87=""),"",'Source Data'!G87) | H83: =IF(B83="","",IF(COUNTIF($B$2:B83,B83)=1,MAX($H$1:H82)+1,"")) | I83: =IF(C83="","",IF('Source Data'!J87="Not in Pilot","",IF('Source Data'!J87<>"",'Source Data'!J87,IF(COUNTIF(SnackCats,B83)>0,"Snack",IF(COUNTIF(BevCats,B83)>0,"Beverage",""))))) | J83: =IF(I83="","",COUNTIF($I$2:I83,"Snack")+COUNTIF($I$2:I83,"Beverage")) | K83: =IF(OR('Inventory Master'!J87="CRITICAL",'Inventory Master'!J87="LOW"),'Inventory Master'!I87+A83/1000000,"") | L83: =IF(OR('Source Data'!$C87="",'Source Data'!F87=""),"",'Source Data'!F87) | AB83: =IF(ISNUMBER(L83),L83+A83/1000000,"") | AC83: =IF(OR('Source Data'!$C87="",'Source Data'!H87=""),"",'Source Data'!H87) | AD83: =IF(OR('Source Data'!$C87="",'Source Data'!I87=""),"",'Source Data'!I87)
A84: 83 | B84: =IF('Source Data'!$C88="","",IF('Source Data'!B88="","Uncategorized",'Source Data'!B88)) | C84: =IF('Source Data'!$C88="","",TRIM('Source Data'!C88)) | D84: =IF(OR('Source Data'!$C88="",'Source Data'!D88=""),"",'Source Data'!D88) | E84: =IF(C84="","",IF(COUNTIF($C$2:$C$301,C84)>1,C84&" (#"&D84&")",C84)) | F84: =IF(OR('Source Data'!$C88="",'Source Data'!E88=""),"",'Source Data'!E88) | G84: =IF(OR('Source Data'!$C88="",'Source Data'!G88=""),"",'Source Data'!G88) | H84: =IF(B84="","",IF(COUNTIF($B$2:B84,B84)=1,MAX($H$1:H83)+1,"")) | I84: =IF(C84="","",IF('Source Data'!J88="Not in Pilot","",IF('Source Data'!J88<>"",'Source Data'!J88,IF(COUNTIF(SnackCats,B84)>0,"Snack",IF(COUNTIF(BevCats,B84)>0,"Beverage",""))))) | J84: =IF(I84="","",COUNTIF($I$2:I84,"Snack")+COUNTIF($I$2:I84,"Beverage")) | K84: =IF(OR('Inventory Master'!J88="CRITICAL",'Inventory Master'!J88="LOW"),'Inventory Master'!I88+A84/1000000,"") | L84: =IF(OR('Source Data'!$C88="",'Source Data'!F88=""),"",'Source Data'!F88) | AB84: =IF(ISNUMBER(L84),L84+A84/1000000,"") | AC84: =IF(OR('Source Data'!$C88="",'Source Data'!H88=""),"",'Source Data'!H88) | AD84: =IF(OR('Source Data'!$C88="",'Source Data'!I88=""),"",'Source Data'!I88)
A85: 84 | B85: =IF('Source Data'!$C89="","",IF('Source Data'!B89="","Uncategorized",'Source Data'!B89)) | C85: =IF('Source Data'!$C89="","",TRIM('Source Data'!C89)) | D85: =IF(OR('Source Data'!$C89="",'Source Data'!D89=""),"",'Source Data'!D89) | E85: =IF(C85="","",IF(COUNTIF($C$2:$C$301,C85)>1,C85&" (#"&D85&")",C85)) | F85: =IF(OR('Source Data'!$C89="",'Source Data'!E89=""),"",'Source Data'!E89) | G85: =IF(OR('Source Data'!$C89="",'Source Data'!G89=""),"",'Source Data'!G89) | H85: =IF(B85="","",IF(COUNTIF($B$2:B85,B85)=1,MAX($H$1:H84)+1,"")) | I85: =IF(C85="","",IF('Source Data'!J89="Not in Pilot","",IF('Source Data'!J89<>"",'Source Data'!J89,IF(COUNTIF(SnackCats,B85)>0,"Snack",IF(COUNTIF(BevCats,B85)>0,"Beverage",""))))) | J85: =IF(I85="","",COUNTIF($I$2:I85,"Snack")+COUNTIF($I$2:I85,"Beverage")) | K85: =IF(OR('Inventory Master'!J89="CRITICAL",'Inventory Master'!J89="LOW"),'Inventory Master'!I89+A85/1000000,"") | L85: =IF(OR('Source Data'!$C89="",'Source Data'!F89=""),"",'Source Data'!F89) | AB85: =IF(ISNUMBER(L85),L85+A85/1000000,"") | AC85: =IF(OR('Source Data'!$C89="",'Source Data'!H89=""),"",'Source Data'!H89) | AD85: =IF(OR('Source Data'!$C89="",'Source Data'!I89=""),"",'Source Data'!I89)
A86: 85 | B86: =IF('Source Data'!$C90="","",IF('Source Data'!B90="","Uncategorized",'Source Data'!B90)) | C86: =IF('Source Data'!$C90="","",TRIM('Source Data'!C90)) | D86: =IF(OR('Source Data'!$C90="",'Source Data'!D90=""),"",'Source Data'!D90) | E86: =IF(C86="","",IF(COUNTIF($C$2:$C$301,C86)>1,C86&" (#"&D86&")",C86)) | F86: =IF(OR('Source Data'!$C90="",'Source Data'!E90=""),"",'Source Data'!E90) | G86: =IF(OR('Source Data'!$C90="",'Source Data'!G90=""),"",'Source Data'!G90) | H86: =IF(B86="","",IF(COUNTIF($B$2:B86,B86)=1,MAX($H$1:H85)+1,"")) | I86: =IF(C86="","",IF('Source Data'!J90="Not in Pilot","",IF('Source Data'!J90<>"",'Source Data'!J90,IF(COUNTIF(SnackCats,B86)>0,"Snack",IF(COUNTIF(BevCats,B86)>0,"Beverage",""))))) | J86: =IF(I86="","",COUNTIF($I$2:I86,"Snack")+COUNTIF($I$2:I86,"Beverage")) | K86: =IF(OR('Inventory Master'!J90="CRITICAL",'Inventory Master'!J90="LOW"),'Inventory Master'!I90+A86/1000000,"") | L86: =IF(OR('Source Data'!$C90="",'Source Data'!F90=""),"",'Source Data'!F90) | AB86: =IF(ISNUMBER(L86),L86+A86/1000000,"") | AC86: =IF(OR('Source Data'!$C90="",'Source Data'!H90=""),"",'Source Data'!H90) | AD86: =IF(OR('Source Data'!$C90="",'Source Data'!I90=""),"",'Source Data'!I90)
A87: 86 | B87: =IF('Source Data'!$C91="","",IF('Source Data'!B91="","Uncategorized",'Source Data'!B91)) | C87: =IF('Source Data'!$C91="","",TRIM('Source Data'!C91)) | D87: =IF(OR('Source Data'!$C91="",'Source Data'!D91=""),"",'Source Data'!D91) | E87: =IF(C87="","",IF(COUNTIF($C$2:$C$301,C87)>1,C87&" (#"&D87&")",C87)) | F87: =IF(OR('Source Data'!$C91="",'Source Data'!E91=""),"",'Source Data'!E91) | G87: =IF(OR('Source Data'!$C91="",'Source Data'!G91=""),"",'Source Data'!G91) | H87: =IF(B87="","",IF(COUNTIF($B$2:B87,B87)=1,MAX($H$1:H86)+1,"")) | I87: =IF(C87="","",IF('Source Data'!J91="Not in Pilot","",IF('Source Data'!J91<>"",'Source Data'!J91,IF(COUNTIF(SnackCats,B87)>0,"Snack",IF(COUNTIF(BevCats,B87)>0,"Beverage",""))))) | J87: =IF(I87="","",COUNTIF($I$2:I87,"Snack")+COUNTIF($I$2:I87,"Beverage")) | K87: =IF(OR('Inventory Master'!J91="CRITICAL",'Inventory Master'!J91="LOW"),'Inventory Master'!I91+A87/1000000,"") | L87: =IF(OR('Source Data'!$C91="",'Source Data'!F91=""),"",'Source Data'!F91) | AB87: =IF(ISNUMBER(L87),L87+A87/1000000,"") | AC87: =IF(OR('Source Data'!$C91="",'Source Data'!H91=""),"",'Source Data'!H91) | AD87: =IF(OR('Source Data'!$C91="",'Source Data'!I91=""),"",'Source Data'!I91)
A88: 87 | B88: =IF('Source Data'!$C92="","",IF('Source Data'!B92="","Uncategorized",'Source Data'!B92)) | C88: =IF('Source Data'!$C92="","",TRIM('Source Data'!C92)) | D88: =IF(OR('Source Data'!$C92="",'Source Data'!D92=""),"",'Source Data'!D92) | E88: =IF(C88="","",IF(COUNTIF($C$2:$C$301,C88)>1,C88&" (#"&D88&")",C88)) | F88: =IF(OR('Source Data'!$C92="",'Source Data'!E92=""),"",'Source Data'!E92) | G88: =IF(OR('Source Data'!$C92="",'Source Data'!G92=""),"",'Source Data'!G92) | H88: =IF(B88="","",IF(COUNTIF($B$2:B88,B88)=1,MAX($H$1:H87)+1,"")) | I88: =IF(C88="","",IF('Source Data'!J92="Not in Pilot","",IF('Source Data'!J92<>"",'Source Data'!J92,IF(COUNTIF(SnackCats,B88)>0,"Snack",IF(COUNTIF(BevCats,B88)>0,"Beverage",""))))) | J88: =IF(I88="","",COUNTIF($I$2:I88,"Snack")+COUNTIF($I$2:I88,"Beverage")) | K88: =IF(OR('Inventory Master'!J92="CRITICAL",'Inventory Master'!J92="LOW"),'Inventory Master'!I92+A88/1000000,"") | L88: =IF(OR('Source Data'!$C92="",'Source Data'!F92=""),"",'Source Data'!F92) | AB88: =IF(ISNUMBER(L88),L88+A88/1000000,"") | AC88: =IF(OR('Source Data'!$C92="",'Source Data'!H92=""),"",'Source Data'!H92) | AD88: =IF(OR('Source Data'!$C92="",'Source Data'!I92=""),"",'Source Data'!I92)
A89: 88 | B89: =IF('Source Data'!$C93="","",IF('Source Data'!B93="","Uncategorized",'Source Data'!B93)) | C89: =IF('Source Data'!$C93="","",TRIM('Source Data'!C93)) | D89: =IF(OR('Source Data'!$C93="",'Source Data'!D93=""),"",'Source Data'!D93) | E89: =IF(C89="","",IF(COUNTIF($C$2:$C$301,C89)>1,C89&" (#"&D89&")",C89)) | F89: =IF(OR('Source Data'!$C93="",'Source Data'!E93=""),"",'Source Data'!E93) | G89: =IF(OR('Source Data'!$C93="",'Source Data'!G93=""),"",'Source Data'!G93) | H89: =IF(B89="","",IF(COUNTIF($B$2:B89,B89)=1,MAX($H$1:H88)+1,"")) | I89: =IF(C89="","",IF('Source Data'!J93="Not in Pilot","",IF('Source Data'!J93<>"",'Source Data'!J93,IF(COUNTIF(SnackCats,B89)>0,"Snack",IF(COUNTIF(BevCats,B89)>0,"Beverage",""))))) | J89: =IF(I89="","",COUNTIF($I$2:I89,"Snack")+COUNTIF($I$2:I89,"Beverage")) | K89: =IF(OR('Inventory Master'!J93="CRITICAL",'Inventory Master'!J93="LOW"),'Inventory Master'!I93+A89/1000000,"") | L89: =IF(OR('Source Data'!$C93="",'Source Data'!F93=""),"",'Source Data'!F93) | AB89: =IF(ISNUMBER(L89),L89+A89/1000000,"") | AC89: =IF(OR('Source Data'!$C93="",'Source Data'!H93=""),"",'Source Data'!H93) | AD89: =IF(OR('Source Data'!$C93="",'Source Data'!I93=""),"",'Source Data'!I93)
A90: 89 | B90: =IF('Source Data'!$C94="","",IF('Source Data'!B94="","Uncategorized",'Source Data'!B94)) | C90: =IF('Source Data'!$C94="","",TRIM('Source Data'!C94)) | D90: =IF(OR('Source Data'!$C94="",'Source Data'!D94=""),"",'Source Data'!D94) | E90: =IF(C90="","",IF(COUNTIF($C$2:$C$301,C90)>1,C90&" (#"&D90&")",C90)) | F90: =IF(OR('Source Data'!$C94="",'Source Data'!E94=""),"",'Source Data'!E94) | G90: =IF(OR('Source Data'!$C94="",'Source Data'!G94=""),"",'Source Data'!G94) | H90: =IF(B90="","",IF(COUNTIF($B$2:B90,B90)=1,MAX($H$1:H89)+1,"")) | I90: =IF(C90="","",IF('Source Data'!J94="Not in Pilot","",IF('Source Data'!J94<>"",'Source Data'!J94,IF(COUNTIF(SnackCats,B90)>0,"Snack",IF(COUNTIF(BevCats,B90)>0,"Beverage",""))))) | J90: =IF(I90="","",COUNTIF($I$2:I90,"Snack")+COUNTIF($I$2:I90,"Beverage")) | K90: =IF(OR('Inventory Master'!J94="CRITICAL",'Inventory Master'!J94="LOW"),'Inventory Master'!I94+A90/1000000,"") | L90: =IF(OR('Source Data'!$C94="",'Source Data'!F94=""),"",'Source Data'!F94) | AB90: =IF(ISNUMBER(L90),L90+A90/1000000,"") | AC90: =IF(OR('Source Data'!$C94="",'Source Data'!H94=""),"",'Source Data'!H94) | AD90: =IF(OR('Source Data'!$C94="",'Source Data'!I94=""),"",'Source Data'!I94)
A91: 90 | B91: =IF('Source Data'!$C95="","",IF('Source Data'!B95="","Uncategorized",'Source Data'!B95)) | C91: =IF('Source Data'!$C95="","",TRIM('Source Data'!C95)) | D91: =IF(OR('Source Data'!$C95="",'Source Data'!D95=""),"",'Source Data'!D95) | E91: =IF(C91="","",IF(COUNTIF($C$2:$C$301,C91)>1,C91&" (#"&D91&")",C91)) | F91: =IF(OR('Source Data'!$C95="",'Source Data'!E95=""),"",'Source Data'!E95) | G91: =IF(OR('Source Data'!$C95="",'Source Data'!G95=""),"",'Source Data'!G95) | H91: =IF(B91="","",IF(COUNTIF($B$2:B91,B91)=1,MAX($H$1:H90)+1,"")) | I91: =IF(C91="","",IF('Source Data'!J95="Not in Pilot","",IF('Source Data'!J95<>"",'Source Data'!J95,IF(COUNTIF(SnackCats,B91)>0,"Snack",IF(COUNTIF(BevCats,B91)>0,"Beverage",""))))) | J91: =IF(I91="","",COUNTIF($I$2:I91,"Snack")+COUNTIF($I$2:I91,"Beverage")) | K91: =IF(OR('Inventory Master'!J95="CRITICAL",'Inventory Master'!J95="LOW"),'Inventory Master'!I95+A91/1000000,"") | L91: =IF(OR('Source Data'!$C95="",'Source Data'!F95=""),"",'Source Data'!F95) | AB91: =IF(ISNUMBER(L91),L91+A91/1000000,"") | AC91: =IF(OR('Source Data'!$C95="",'Source Data'!H95=""),"",'Source Data'!H95) | AD91: =IF(OR('Source Data'!$C95="",'Source Data'!I95=""),"",'Source Data'!I95)
A92: 91 | B92: =IF('Source Data'!$C96="","",IF('Source Data'!B96="","Uncategorized",'Source Data'!B96)) | C92: =IF('Source Data'!$C96="","",TRIM('Source Data'!C96)) | D92: =IF(OR('Source Data'!$C96="",'Source Data'!D96=""),"",'Source Data'!D96) | E92: =IF(C92="","",IF(COUNTIF($C$2:$C$301,C92)>1,C92&" (#"&D92&")",C92)) | F92: =IF(OR('Source Data'!$C96="",'Source Data'!E96=""),"",'Source Data'!E96) | G92: =IF(OR('Source Data'!$C96="",'Source Data'!G96=""),"",'Source Data'!G96) | H92: =IF(B92="","",IF(COUNTIF($B$2:B92,B92)=1,MAX($H$1:H91)+1,"")) | I92: =IF(C92="","",IF('Source Data'!J96="Not in Pilot","",IF('Source Data'!J96<>"",'Source Data'!J96,IF(COUNTIF(SnackCats,B92)>0,"Snack",IF(COUNTIF(BevCats,B92)>0,"Beverage",""))))) | J92: =IF(I92="","",COUNTIF($I$2:I92,"Snack")+COUNTIF($I$2:I92,"Beverage")) | K92: =IF(OR('Inventory Master'!J96="CRITICAL",'Inventory Master'!J96="LOW"),'Inventory Master'!I96+A92/1000000,"") | L92: =IF(OR('Source Data'!$C96="",'Source Data'!F96=""),"",'Source Data'!F96) | AB92: =IF(ISNUMBER(L92),L92+A92/1000000,"") | AC92: =IF(OR('Source Data'!$C96="",'Source Data'!H96=""),"",'Source Data'!H96) | AD92: =IF(OR('Source Data'!$C96="",'Source Data'!I96=""),"",'Source Data'!I96)
A93: 92 | B93: =IF('Source Data'!$C97="","",IF('Source Data'!B97="","Uncategorized",'Source Data'!B97)) | C93: =IF('Source Data'!$C97="","",TRIM('Source Data'!C97)) | D93: =IF(OR('Source Data'!$C97="",'Source Data'!D97=""),"",'Source Data'!D97) | E93: =IF(C93="","",IF(COUNTIF($C$2:$C$301,C93)>1,C93&" (#"&D93&")",C93)) | F93: =IF(OR('Source Data'!$C97="",'Source Data'!E97=""),"",'Source Data'!E97) | G93: =IF(OR('Source Data'!$C97="",'Source Data'!G97=""),"",'Source Data'!G97) | H93: =IF(B93="","",IF(COUNTIF($B$2:B93,B93)=1,MAX($H$1:H92)+1,"")) | I93: =IF(C93="","",IF('Source Data'!J97="Not in Pilot","",IF('Source Data'!J97<>"",'Source Data'!J97,IF(COUNTIF(SnackCats,B93)>0,"Snack",IF(COUNTIF(BevCats,B93)>0,"Beverage",""))))) | J93: =IF(I93="","",COUNTIF($I$2:I93,"Snack")+COUNTIF($I$2:I93,"Beverage")) | K93: =IF(OR('Inventory Master'!J97="CRITICAL",'Inventory Master'!J97="LOW"),'Inventory Master'!I97+A93/1000000,"") | L93: =IF(OR('Source Data'!$C97="",'Source Data'!F97=""),"",'Source Data'!F97) | AB93: =IF(ISNUMBER(L93),L93+A93/1000000,"") | AC93: =IF(OR('Source Data'!$C97="",'Source Data'!H97=""),"",'Source Data'!H97) | AD93: =IF(OR('Source Data'!$C97="",'Source Data'!I97=""),"",'Source Data'!I97)
A94: 93 | B94: =IF('Source Data'!$C98="","",IF('Source Data'!B98="","Uncategorized",'Source Data'!B98)) | C94: =IF('Source Data'!$C98="","",TRIM('Source Data'!C98)) | D94: =IF(OR('Source Data'!$C98="",'Source Data'!D98=""),"",'Source Data'!D98) | E94: =IF(C94="","",IF(COUNTIF($C$2:$C$301,C94)>1,C94&" (#"&D94&")",C94)) | F94: =IF(OR('Source Data'!$C98="",'Source Data'!E98=""),"",'Source Data'!E98) | G94: =IF(OR('Source Data'!$C98="",'Source Data'!G98=""),"",'Source Data'!G98) | H94: =IF(B94="","",IF(COUNTIF($B$2:B94,B94)=1,MAX($H$1:H93)+1,"")) | I94: =IF(C94="","",IF('Source Data'!J98="Not in Pilot","",IF('Source Data'!J98<>"",'Source Data'!J98,IF(COUNTIF(SnackCats,B94)>0,"Snack",IF(COUNTIF(BevCats,B94)>0,"Beverage",""))))) | J94: =IF(I94="","",COUNTIF($I$2:I94,"Snack")+COUNTIF($I$2:I94,"Beverage")) | K94: =IF(OR('Inventory Master'!J98="CRITICAL",'Inventory Master'!J98="LOW"),'Inventory Master'!I98+A94/1000000,"") | L94: =IF(OR('Source Data'!$C98="",'Source Data'!F98=""),"",'Source Data'!F98) | AB94: =IF(ISNUMBER(L94),L94+A94/1000000,"") | AC94: =IF(OR('Source Data'!$C98="",'Source Data'!H98=""),"",'Source Data'!H98) | AD94: =IF(OR('Source Data'!$C98="",'Source Data'!I98=""),"",'Source Data'!I98)
... A301: 300 | B301: =IF('Source Data'!$C305="","",IF('Source Data'!B305="","Uncategorized",'Source Data'!B305)) | C301: =IF('Source Data'!$C305="","",TRIM('Source Data'!C305)) | D301: =IF(OR('Source Data'!$C305="",'Source Data'!D305=""),"",'Source Data'!D305) | E301: =IF(C301="","",IF(COUNTIF($C$2:$C$301,C301)>1,C301&" (#"&D301&")",C301)) | F301: =IF(OR('Source Data'!$C305="",'Source Data'!E305=""),"",'Source Data'!E305) | G301: =IF(OR('Source Data'!$C305="",'Source Data'!G305=""),"",'Source Data'!G305) | H301: =IF(B301="","",IF(COUNTIF($B$2:B301,B301)=1,MAX($H$1:H300)+1,"")) | I301: =IF(C301="","",IF('Source Data'!J305="Not in Pilot","",IF('Source Data'!J305<>"",'Source Data'!J305,IF(COUNTIF(SnackCats,B301)>0,"Snack",IF(COUNTIF(BevCats,B301)>0,"Beverage",""))))) | J301: =IF(I301="","",COUNTIF($I$2:I301,"Snack")+COUNTIF($I$2:I301,"Beverage")) | K301: =IF(OR('Inventory Master'!J305="CRITICAL",'Inventory Master'!J305="LOW"),'Inventory Master'!I305+A301/1000000,"") | L301: =IF(OR('Source Data'!$C305="",'Source Data'!F305=""),"",'Source Data'!F305) | AB301: =IF(ISNUMBER(L301),L301+A301/1000000,"") | AC301: =IF(OR('Source Data'!$C305="",'Source Data'!H305=""),"",'Source Data'!H305) | AD301: =IF(OR('Source Data'!$C305="",'Source Data'!I305=""),"",'Source Data'!I305)
